;Cod Empresa;CNPJ;Nome Empresa;Receber / Pagar;Código da Fatura;Documento Fatura;Série;Data de Emissão;Data de Vencimento;Data de Pagamento/Baixa;Valor Total R$;Parcela;Prazo;Total de Parcelas;Observação;Gerar Vencimento Fixo;Forma PGTO;Taxa da administradora de Cartão (%);Cliente/ Fornecedor;Nome Cliente/Fornecedor;Desconto;Adiantamento;N° do Pedido;Comprador/Vendedor;Histórico;Conta débito;Conta crédito;Conta de fluxo de caixa;Centro de custo;Excluída;Código Histórico;Indice Conta débito;Código Conta débito;Indice Conta crédito;Código Conta crédito;Código Conta de fluxo de caixa;Número Nota;Data de Exclusao;Cód Usuario Exclusão;Nome Usuario Exclusão;Cód Usuario Lançamento;Nome Usuario Lancamento;Cód Usuario Baixa;Nome Usuario Baixa;Valor Pago/Baixado
0;10;2,29E+13;401262 - SHOP - LP MACEIÓ SHOPPING - AL;Pagar;831692;0;0;01/11/2021;26/11/2021;;680.0;1;0;1;12078310;N;Crediário;0;1002557;Companhia Energetica de Alagoas - Ceal;0;Não;0;46.0;ENERGIA ELETRICA OCUPAÇÃO;ENERGIA ELETRICA;FORNECEDORES DIVERSOS;FLUXO DE CAIXA;2;Sim;260;03.05.05.04;424;02.01.01.01.02;69;199;;26/10/2021;63568.0;Paula Melo;63568;Paula Melo;;;0
1;10;2,29E+13;401262 - SHOP - LP MACEIÓ SHOPPING - AL;Pagar;831731;0;0;01/11/2021;26/11/2021;;680.0;1;0;1;12078310;N;Crediário;0;1002557;Companhia Energetica de Alagoas - Ceal;0;Não;0;46.0;ENERGIA ELETRICA OCUPAÇÃO;ENERGIA ELETRICA;FORNECEDORES DIVERSOS;FLUXO DE CAIXA;2;Sim;260;03.05.05.04;424;02.01.01.01.02;69;199;;26/10/2021;63568.0;Paula Melo;63568;Paula Melo;;;0
2;10;2,29E+13;401262 - SHOP - LP MACEIÓ SHOPPING - AL;Pagar;833802;0;0;01/11/2021;05/10/2021;08/10/2021;1279.66;1;0;1;FILIAL;N;Crediário;0;1013651;CONCISA ADM. E NEG. IMOBILIARIOS LTDA;0;Não;0;46.0;PRÓ-LABORE MARCELINO;PRO-LABORES;PRÓ-LABORE A PAGAR;FLUXO DE CAIXA;2;Não;283;03.05.02.01.23;435;02.01.01.03.08;489;199;;;;;63568;Paula Melo;63568.0;Paula Melo;1279,66
3;10;2,29E+13;401262 - SHOP - LP MACEIÓ SHOPPING - AL;Pagar;835825;0;0;01/11/2021;01/11/2021;08/11/2021;4900.0;1;0;1;;N;Crediário;0;1002550;Soma Construtora e Empreendimentos Ltda;0;Não;0;46.0;ALUGUÉIS A PAGAR;ALUGUÉIS;FORNECEDORES DIVERSOS;FLUXO DE CAIXA;2;Não;15;03.05.05.01;421;02.01.01.01.02;69;199;;;;;63568;Paula Melo;63568.0;Paula Melo;4900
4;10;2,29E+13;401262 - SHOP - LP MACEIÓ SHOPPING - AL;Pagar;835826;0;0;01/11/2021;01/11/2021;;644.47;1;0;1;12078310;N;Crediário;0;1002557;Companhia Energetica de Alagoas - Ceal;0;Não;0;46.0;ENERGIA ELETRICA OCUPAÇÃO;ENERGIA ELETRICA;FORNECEDORES DIVERSOS;FLUXO DE CAIXA;2;Sim;260;03.05.05.04;424;02.01.01.01.02;69;199;;26/10/2021;63568.0;Paula Melo;63568;Paula Melo;;;0
5;10;2,29E+13;401262 - SHOP - LP MACEIÓ SHOPPING - AL;Pagar;835827;0;0;01/11/2021;05/11/2021;04/11/2021;13260.26;1;0;1;;N;Crediário;0;1017667;JABUR CENTER COUROS EIRELI - EPP FL;0;Não;0;46.0;SALÁRIOS A PAGAR;DESPESA SALÁRIOS;SALÁRIOS A PAGAR;FLUXO DE CAIXA;2;Não;106;03.05.02.01.01;232;02.01.01.03.01;80;199;;;;;63568;Paula Melo;63568.0;Paula Melo;13260,26
6;10;2,29E+13;401262 - SHOP - LP MACEIÓ SHOPPING - AL;Pagar;835828;0;0;01/11/2021;05/11/2021;05/11/2021;1279.66;1;0;1;FILIAL;N;Crediário;0;1013651;CONCISA ADM. E NEG. IMOBILIARIOS LTDA;0;Não;0;46.0;PRÓ-LABORE MARCELINO;PRO-LABORES;PRÓ-LABORE A PAGAR;FLUXO DE CAIXA;2;Não;283;03.05.02.01.23;435;02.01.01.03.08;489;199;;;;;63568;Paula Melo;63568.0;Paula Melo;1279,66
7;10;2,29E+13;401262 - SHOP - LP MACEIÓ SHOPPING - AL;Pagar;835829;0;0;01/11/2021;05/11/2021;08/11/2021;3500.0;1;0;1;;N;Crediário;0;1007233;RPM SERVIÇOS ADMINISTRATIVOS PARA EMPRESAS LTDA;0;Não;0;46.0;SERVIÇOS PRESTADOS - PJ;SERVIÇOS PRESTADOS PJ;FORNECEDORES DIVERSOS;FLUXO DE CAIXA;2;Não;306;03.05.02.03.23;492;02.01.01.01.02;69;199;;;;;63568;Paula Melo;63568.0;Paula Melo;3500
8;10;2,29E+13;401262 - SHOP - LP MACEIÓ SHOPPING - AL;Pagar;835830;0;0;01/11/2021;05/11/2021;04/11/2021;1125.0;1;0;1;;N;Crediário;0;1003130;JOSEFA FREIRE DE ARAÚJO;0;Não;0;46.0;SERVIÇOS PRESTADOS - PF;SERVIÇOS PRESTADOS PF;FORNECEDORES DIVERSOS;FLUXO DE CAIXA;2;Não;305;03.05.02.03.22;491;02.01.01.01.02;69;199;;;;;63568;Paula Melo;63568.0;Paula Melo;1125
9;10;2,29E+13;401262 - SHOP - LP MACEIÓ SHOPPING - AL;Pagar;835831;0;0;01/11/2021;05/11/2021;05/11/2021;211.0;1;0;1;;N;Crediário;0;1002565;SERVIPA SERVIÇOS GERAIS LTDA;0;Não;0;46.0;VIGILÂNCIA E MONITORAMENTO;VIGILÂNCIA E MONITORAMENTO;FORNECEDORES DIVERSOS;FLUXO DE CAIXA;2;Não;295;03.05.02.02.08;493;02.01.01.01.02;69;199;;;;;63568;Paula Melo;63568.0;Paula Melo;211
10;10;2,29E+13;401262 - SHOP - LP MACEIÓ SHOPPING - AL;Pagar;835832;0;0;01/11/2021;06/11/2021;09/11/2021;291.17;1;0;1;3325-9350;N;Crediário;0;1001659;TELEMAR NORTE LESTE S/A;0;Não;0;46.0;TELEFONE/INTERNET;TELEFONE/INTERNET;FORNECEDORES DIVERSOS;FLUXO DE CAIXA;2;Não;294;03.05.02.02.09;494;02.01.01.01.02;69;199;;;;;63568;Paula Melo;63568.0;Paula Melo;291,17
11;10;2,29E+13;401262 - SHOP - LP MACEIÓ SHOPPING - AL;Pagar;835833;0;0;01/11/2021;05/11/2021;10/11/2021;1280.86;1;0;1;;N;Crediário;0;1002511;FGTS;0;Não;0;46.0;FGTS A RECOLHER;FGTS;FGTS A RECOLHER;FLUXO DE CAIXA;2;Não;14;03.05.02.01.13;114;02.01.01.03.03;79;199;;;;;63568;Paula Melo;63568.0;Paula Melo;1280,86
12;10;2,29E+13;401262 - SHOP - LP MACEIÓ SHOPPING - AL;Pagar;835834;0;0;01/11/2021;05/11/2021;10/11/2021;145.97;1;0;1;FILIAL;N;Crediário;0;1002511;FGTS;0;Não;0;46.0;FGTS A RECOLHER;FGTS;FGTS A RECOLHER;FLUXO DE CAIXA;2;Não;14;03.05.02.01.13;114;02.01.01.03.03;79;199;;;;;63568;Paula Melo;63568.0;Paula Melo;145,97
13;10;2,29E+13;401262 - SHOP - LP MACEIÓ SHOPPING - AL;Pagar;835835;0;0;01/11/2021;07/11/2021;08/11/2021;16066.44;1;0;1;;N;Crediário;0;1002555;Condominio Maceio Shopping;0;Não;0;46.0;ALUGUÉIS A PAGAR;ALUGUÉIS;FORNECEDORES DIVERSOS;FLUXO DE CAIXA;2;Não;15;03.05.05.01;421;02.01.01.01.02;69;199;;;;;63568;Paula Melo;63568.0;Paula Melo;16066,44
14;10;2,29E+13;401262 - SHOP - LP MACEIÓ SHOPPING - AL;Pagar;835836;0;0;01/11/2021;08/11/2021;08/11/2021;200.0;1;0;1;ANDRE MARINHO;N;Crediário;0;1019415;EDUARDO DOS SANTOS MOREIRA;0;Não;0;46.0;INFORMATICA/SISTEMAS/SOFTWARES  A PAGAR;SISTEMAS/SOFTWARES;FORNECEDORES DIVERSOS;FLUXO DE CAIXA;2;Não;23;03.05.02.02.07;123;02.01.01.01.02;69;199;;;;;63568;Paula Melo;63568.0;Paula Melo;200
15;10;2,29E+13;401262 - SHOP - LP MACEIÓ SHOPPING - AL;Pagar;835837;0;0;01/11/2021;09/11/2021;12/11/2021;1500.0;1;0;1;;N;Crediário;0;1007233;RPM SERVIÇOS ADMINISTRATIVOS PARA EMPRESAS LTDA;0;Não;0;46.0;SERVIÇOS PRESTADOS - PJ;SERVIÇOS PRESTADOS PJ;FORNECEDORES DIVERSOS;FLUXO DE CAIXA;2;Não;306;03.05.02.03.23;492;02.01.01.01.02;69;199;;;;;63568;Paula Melo;63568.0;Paula Melo;1500
16;10;2,29E+13;401262 - SHOP - LP MACEIÓ SHOPPING - AL;Pagar;835838;0;0;01/11/2021;11/11/2021;10/11/2021;228.58;1;0;1;;N;Crediário;0;1003569;IBN SILVA CIA LTDA;0;Não;0;46.0;COMBUSTÍVEIS A PAGAR;COMBUSTÍVEIS;FORNECEDORES DIVERSOS;FLUXO DE CAIXA;2;Não;34;03.05.02.03.07;134;02.01.01.01.02;69;199;;;;;63568;Paula Melo;63568.0;Paula Melo;228,58
17;10;2,29E+13;401262 - SHOP - LP MACEIÓ SHOPPING - AL;Pagar;835839;0;0;01/11/2021;10/11/2021;12/11/2021;35.1;1;0;1;FILIAL;N;Crediário;0;1006183;TERRA NETWORKS BRASIL SA;0;Não;0;46.0;PRÓ-LABORE MARCELINO;PRO-LABORES;PRÓ-LABORE A PAGAR;FLUXO DE CAIXA;2;Não;283;03.05.02.01.23;435;02.01.01.03.08;489;199;;;;;63568;Paula Melo;63568.0;Paula Melo;35,1
18;10;2,29E+13;401262 - SHOP - LP MACEIÓ SHOPPING - AL;Pagar;835840;0;0;01/11/2021;10/11/2021;10/11/2021;663.0;1;0;1;FILIAL;N;Crediário;0;1002543;Associação Rede Lepostiche;0;Não;0;46.0;PUBLICIDADE/PROPAGANDA -ARLP;PUBLICIDADE - ARLP;FORNECEDORES DIVERSOS;FLUXO DE CAIXA;2;Não;256;03.05.06.05;472;02.01.01.01.02;69;199;;;;;63568;Paula Melo;63568.0;Paula Melo;663
19;10;2,29E+13;401262 - SHOP - LP MACEIÓ SHOPPING - AL;Pagar;835841;0;0;01/11/2021;10/11/2021;12/11/2021;271.86;1;0;1;FILIAL;N;Crediário;0;1008899;NET VIRTUA;0;Não;0;46.0;PRÓ-LABORE MARCELINO;PRO-LABORES;PRÓ-LABORE A PAGAR;FLUXO DE CAIXA;2;Não;283;03.05.02.01.23;435;02.01.01.03.08;489;199;;;;;63568;Paula Melo;63568.0;Paula Melo;271,86
20;10;2,29E+13;401262 - SHOP - LP MACEIÓ SHOPPING - AL;Pagar;835842;0;0;01/11/2021;11/11/2021;11/11/2021;188.43;1;0;1;;N;Crediário;0;1002547;S L Contabil Ltda;0;Não;0;46.0;CONTABILIDADE A PAGAR;ASSESSORIA CONTÁBIL;FORNECEDORES DIVERSOS;FLUXO DE CAIXA;2;Não;27;03.05.02.03.08;127;02.01.01.01.02;69;199;;;;;63568;Paula Melo;63568.0;Paula Melo;188,43
21;10;2,29E+13;401262 - SHOP - LP MACEIÓ SHOPPING - AL;Pagar;835843;0;0;01/11/2021;22/11/2021;22/11/2021;1445.98;1;0;1;;N;Crediário;0;1002555;Condominio Maceio Shopping;0;Não;0;46.0;FUNDO DE PROMOÇÃO;FUNDO DE PROPAGANDA;FORNECEDORES DIVERSOS;FLUXO DE CAIXA;2;Não;174;03.05.05.03;423;02.01.01.01.02;69;199;;;;;63568;Paula Melo;63568.0;Paula Melo;1445,98
22;10;2,29E+13;401262 - SHOP - LP MACEIÓ SHOPPING - AL;Pagar;835844;0;0;01/11/2021;14/11/2021;18/11/2021;2300.0;1;0;1;;N;Crediário;0;1007233;RPM SERVIÇOS ADMINISTRATIVOS PARA EMPRESAS LTDA;0;Não;0;46.0;SERVIÇOS PRESTADOS - PJ;SERVIÇOS PRESTADOS PJ;FORNECEDORES DIVERSOS;FLUXO DE CAIXA;2;Não;306;03.05.02.03.23;492;02.01.01.01.02;69;199;;;;;63568;Paula Melo;63568.0;Paula Melo;2300
23;10;2,29E+13;401262 - SHOP - LP MACEIÓ SHOPPING - AL;Pagar;835845;0;0;01/11/2021;22/11/2021;22/11/2021;172.19;1;0;1;;N;Crediário;0;1002555;Condominio Maceio Shopping;0;Não;0;46.0;IPTU A PAGAR;IPTU;OUTROS IMPOSTOS E TAXAS A RECOLHER;FLUXO DE CAIXA;2;Não;303;03.05.05.06;426;02.01.01.05.10;356;199;;;;;63568;Paula Melo;63568.0;Paula Melo;172,19
24;10;2,29E+13;401262 - SHOP - LP MACEIÓ SHOPPING - AL;Pagar;835846;0;0;01/11/2021;22/11/2021;22/11/2021;772.11;1;0;1;;N;Crediário;0;1002555;Condominio Maceio Shopping;0;Não;0;46.0;ENERGIA ELETRICA OCUPAÇÃO;ENERGIA ELETRICA;FORNECEDORES DIVERSOS;FLUXO DE CAIXA;2;Não;260;03.05.05.04;424;02.01.01.01.02;69;199;;;;;63568;Paula Melo;63568.0;Paula Melo;772,11
25;10;2,29E+13;401262 - SHOP - LP MACEIÓ SHOPPING - AL;Pagar;835847;0;0;01/11/2021;22/11/2021;22/11/2021;9683.89;1;0;1;;N;Crediário;0;1002555;Condominio Maceio Shopping;0;Não;0;46.0;CONDOMINIOS A PAGAR;CONDOMINIOS;FORNECEDORES DIVERSOS;FLUXO DE CAIXA;2;Não;199;03.05.05.02;422;02.01.01.01.02;69;199;;;;;63568;Paula Melo;63568.0;Paula Melo;9683,89
26;10;2,29E+13;401262 - SHOP - LP MACEIÓ SHOPPING - AL;Pagar;835848;0;0;01/11/2021;22/11/2021;22/11/2021;2118.63;1;0;1;;N;Crediário;0;1002555;Condominio Maceio Shopping;0;Não;0;46.0;AR CONDICIONADO;AR CONDICIONADO;FORNECEDORES DIVERSOS;FLUXO DE CAIXA;2;Não;194;03.05.05.05;425;02.01.01.01.02;69;199;;;;;63568;Paula Melo;63568.0;Paula Melo;2118,63
27;10;2,29E+13;401262 - SHOP - LP MACEIÓ SHOPPING - AL;Pagar;835849;0;0;01/11/2021;10/11/2021;19/11/2021;876.09;1;0;1;FILIAL;N;Crediário;17,4;1010607;CONDOMINIO EDIFICIO ELEGANCE;0;Não;0;46.0;PRÓ-LABORE MARCELINO;PRO-LABORES;PRÓ-LABORE A PAGAR;FLUXO DE CAIXA;2;Não;283;03.05.02.01.23;435;02.01.01.03.08;489;199;;;;;63568;Paula Melo;63568.0;Paula Melo;896,1
28;10;2,29E+13;401262 - SHOP - LP MACEIÓ SHOPPING - AL;Pagar;835850;0;0;01/11/2021;15/11/2021;19/11/2021;1126.83;1;0;1;FILIAL;N;Crediário;0;1010028;SOCIEDADE DE EDUCAÇÃO TIRADESNTES;56,34;Não;0;46.0;PRÓ-LABORE MARCELINO;PRO-LABORES;PRÓ-LABORE A PAGAR;FLUXO DE CAIXA;2;Não;283;03.05.02.01.23;435;02.01.01.03.08;489;199;;;;;63568;Paula Melo;63568.0;Paula Melo;1070,49
29;10;2,29E+13;401262 - SHOP - LP MACEIÓ SHOPPING - AL;Pagar;835851;0;0;01/11/2021;15/11/2021;16/11/2021;6616.03;1;0;1;;N;Crediário;0;1009232;LE SAC COMERCIAL CENTAR COUROS LT;661,6;Não;0;46.0;ROYALTIES;ROYALTIES;FORNECEDORES DIVERSOS;FLUXO DE CAIXA;2;Não;191;03.05.04.07;410;02.01.01.01.02;69;199;;;;;63568;Paula Melo;63568.0;Paula Melo;5954,43
30;10;2,29E+13;401262 - SHOP - LP MACEIÓ SHOPPING - AL;Pagar;835852;0;0;01/11/2021;16/11/2021;;7772.6;1;0;1;;N;Crediário;0;1002503;BRADESCO SAÚDE;0;Não;0;46.0;PLANO DE SAÚDE A PAGAR;PLANO DE SAÚDE;FORNECEDORES DIVERSOS;FLUXO DE CAIXA;2;Não;7;03.05.02.01.07;107;02.01.01.01.02;69;199;;;;;63568;Paula Melo;;;0
31;10;2,29E+13;401262 - SHOP - LP MACEIÓ SHOPPING - AL;Pagar;835853;0;0;01/11/2021;20/11/2021;;405.42;1;0;1;FILIAL;N;Crediário;0;1002510;INSS;0;Não;0;46.0;INSS A RECOLHER;INSS;INSS A RECOLHER;FLUXO DE CAIXA;2;Não;5;03.05.02.01.05;105;02.01.01.03.02;78;199;;;;;63568;Paula Melo;;;0
32;10;2,29E+13;401262 - SHOP - LP MACEIÓ SHOPPING - AL;Pagar;835854;0;0;01/11/2021;20/11/2021;22/11/2021;169.0;1;0;1;;N;Crediário;0;1009232;LE SAC COMERCIAL CENTAR COUROS LT;0;Não;0;46.0;PUBLICIDADE/PROPAGANDA -ARLP;PUBLICIDADE - ARLP;FORNECEDORES DIVERSOS;FLUXO DE CAIXA;2;Não;256;03.05.06.05;472;02.01.01.01.02;69;199;;;;;63568;Paula Melo;63568.0;Paula Melo;169
33;10;2,29E+13;401262 - SHOP - LP MACEIÓ SHOPPING - AL;Pagar;835855;0;0;01/11/2021;19/11/2021;19/11/2021;2743.51;1;0;1;;N;Crediário;0;1002506;ICMS;0;Não;0;46.0;ICMS ANTECIPADO (DESPESA);ICMS ANTECIPADO (DESPESA);ICMS ANTECIPADO A RECOLHER;FLUXO DE CAIXA;2;Não;254;03.05.01.06;469;02.01.01.05.14;470;199;;;;;63568;Paula Melo;63568.0;Paula Melo;2743,51
34;10;2,29E+13;401262 - SHOP - LP MACEIÓ SHOPPING - AL;Pagar;835856;0;0;01/11/2021;19/11/2021;19/11/2021;230.87;1;0;1;;N;Crediário;0;1002506;ICMS;0;Não;0;46.0;ICMS FECOEP;ICMS FECOEP;ICMS FECOEP;FLUXO DE CAIXA;2;Não;364;03.02.02.10;581;02.01.01.05.17;582;199;;;;;63568;Paula Melo;63568.0;Paula Melo;230,87
35;10;2,29E+13;401262 - SHOP - LP MACEIÓ SHOPPING - AL;Pagar;835857;0;0;01/11/2021;23/11/2021;23/11/2021;80.0;1;0;1;;N;Crediário;0;1002505;ASSOCIAÇÃO DOS LOJISTAS DO MACEIÓ SHOPPING;0;Não;0;46.0;ASSOCIAÇÃO COMERCIAL/OUTROS;ASSOCIAÇÃO COMERCIAL/OUTROS;FORNECEDORES DIVERSOS;FLUXO DE CAIXA;2;Não;261;03.05.02.03.17;413;02.01.01.01.02;69;199;;;;;63568;Paula Melo;63568.0;Paula Melo;80
36;10;2,29E+13;401262 - SHOP - LP MACEIÓ SHOPPING - AL;Pagar;835858;0;0;01/11/2021;26/11/2021;;1500.0;1;0;1;;N;Crediário;0;1007233;RPM SERVIÇOS ADMINISTRATIVOS PARA EMPRESAS LTDA;0;Não;0;46.0;SERVIÇOS PRESTADOS - PJ;SERVIÇOS PRESTADOS PJ;FORNECEDORES DIVERSOS;FLUXO DE CAIXA;2;Não;306;03.05.02.03.23;492;02.01.01.01.02;69;199;;;;;63568;Paula Melo;;;0
37;10;2,29E+13;401262 - SHOP - LP MACEIÓ SHOPPING - AL;Pagar;835859;0;0;01/11/2021;30/11/2021;;680.0;1;0;1;12078310;N;Crediário;0;1002557;Companhia Energetica de Alagoas - Ceal;0;Não;0;46.0;ENERGIA ELETRICA OCUPAÇÃO;ENERGIA ELETRICA;FORNECEDORES DIVERSOS;FLUXO DE CAIXA;2;Não;260;03.05.05.04;424;02.01.01.01.02;69;199;;;;;63568;Paula Melo;;;0
38;10;2,29E+13;401262 - SHOP - LP MACEIÓ SHOPPING - AL;Pagar;835860;0;0;01/11/2021;28/11/2021;;699.8;1;0;1;;N;Crediário;0;1002562;Sind. Das Empr. de Transp. Urbano de Passag.;0;Não;0;46.0;VALE-TRANSPORTE A PAGAR;VALE-TRANSPORTE;FORNECEDORES DIVERSOS;FLUXO DE CAIXA;2;Não;10;03.05.02.01.10;110;02.01.01.01.02;69;199;;;;;63568;Paula Melo;;;0
39;10;2,29E+13;401262 - SHOP - LP MACEIÓ SHOPPING - AL;Pagar;835861;0;0;01/11/2021;28/11/2021;;23.52;1;0;1;;N;Crediário;0;1002562;Sind. Das Empr. de Transp. Urbano de Passag.;0;Não;0;46.0;VALE-TRANSPORTE A PAGAR;VALE-TRANSPORTE;FORNECEDORES DIVERSOS;FLUXO DE CAIXA;2;Não;10;03.05.02.01.10;110;02.01.01.01.02;69;199;;;;;63568;Paula Melo;;;0
40;10;2,29E+13;401262 - SHOP - LP MACEIÓ SHOPPING - AL;Pagar;835862;0;0;01/11/2021;28/11/2021;;703.3;1;0;1;;N;Crediário;0;1002563;Assoc de Transp de Passag do Estado de Alagoas;0;Não;0;46.0;VALE-TRANSPORTE A PAGAR;VALE-TRANSPORTE;FORNECEDORES DIVERSOS;FLUXO DE CAIXA;2;Não;10;03.05.02.01.10;110;02.01.01.01.02;69;199;;;;;63568;Paula Melo;;;0
41;10;2,29E+13;401262 - SHOP - LP MACEIÓ SHOPPING - AL;Pagar;835863;0;0;01/11/2021;28/11/2021;;13.36;1;0;1;;N;Crediário;0;1002562;Sind. Das Empr. de Transp. Urbano de Passag.;0;Não;0;46.0;VALE-TRANSPORTE A PAGAR;VALE-TRANSPORTE;FORNECEDORES DIVERSOS;FLUXO DE CAIXA;2;Não;10;03.05.02.01.10;110;02.01.01.01.02;69;199;;;;;63568;Paula Melo;;;0
42;10;2,29E+13;401262 - SHOP - LP MACEIÓ SHOPPING - AL;Pagar;835864;0;0;01/11/2021;30/11/2021;;97.9;1;0;1;;N;Crediário;0;1010032;HOSTNET;0;Não;0;46.0;INFORMATICA/SISTEMAS/SOFTWARES  A PAGAR;SISTEMAS/SOFTWARES;FORNECEDORES DIVERSOS;FLUXO DE CAIXA;2;Não;23;03.05.02.02.07;123;02.01.01.01.02;69;199;;;;;63568;Paula Melo;;;0
43;10;2,29E+13;401262 - SHOP - LP MACEIÓ SHOPPING - AL;Pagar;835865;0;0;01/11/2021;30/11/2021;;114.9;1;0;1;;N;Crediário;0;1002553;Companhia de Saneamento de Alagoas - Casal;0;Não;0;46.0;ÁGUA E SANEAMENTO A PAGAR;ÁGUA E SANEAMENTO;FORNECEDORES DIVERSOS;FLUXO DE CAIXA;2;Não;18;03.05.02.02.02;118;02.01.01.01.02;69;199;;;;;63568;Paula Melo;;;0
44;11;2,29E+13;401266 - SHOP - LP SHOPPING PATIO MACEIÓ - AL;Pagar;835867;0;0;01/11/2021;05/11/2021;04/11/2021;5393.07;1;0;1;;N;Crediário;0;1009100;M. SALGUEIRO DA SILVA - EPP;0;Não;0;46.0;SALÁRIOS A PAGAR;DESPESA SALÁRIOS;SALÁRIOS A PAGAR;FLUXO DE CAIXA;2;Não;106;03.05.02.01.01;232;02.01.01.03.01;80;199;;;;;63568;Paula Melo;63568.0;Paula Melo;5393,07
45;11;2,29E+13;401266 - SHOP - LP SHOPPING PATIO MACEIÓ - AL;Pagar;835868;0;0;01/11/2021;06/11/2021;09/11/2021;159.75;1;0;1;;N;Crediário;0;1001659;TELEMAR NORTE LESTE S/A;0;Não;0;46.0;TELEFONE/INTERNET;TELEFONE/INTERNET;FORNECEDORES DIVERSOS;FLUXO DE CAIXA;2;Não;294;03.05.02.02.09;494;02.01.01.01.02;69;199;;;;;63568;Paula Melo;63568.0;Paula Melo;159,75
46;11;2,29E+13;401266 - SHOP - LP SHOPPING PATIO MACEIÓ - AL;Pagar;835869;0;0;01/11/2021;05/11/2021;10/11/2021;608.74;1;0;1;;N;Crediário;0;1002511;FGTS;0;Não;0;46.0;FGTS A RECOLHER;FGTS;FGTS A RECOLHER;FLUXO DE CAIXA;2;Não;14;03.05.02.01.13;114;02.01.01.03.03;79;199;;;;;63568;Paula Melo;63568.0;Paula Melo;608,74
47;11;2,29E+13;401266 - SHOP - LP SHOPPING PATIO MACEIÓ - AL;Pagar;835870;0;0;01/11/2021;10/11/2021;10/11/2021;663.0;1;0;1;;N;Crediário;0;1002543;Associação Rede Lepostiche;0;Não;0;46.0;PUBLICIDADE/PROPAGANDA -ARLP;PUBLICIDADE - ARLP;FORNECEDORES DIVERSOS;FLUXO DE CAIXA;2;Não;256;03.05.06.05;472;02.01.01.01.02;69;199;;;;;63568;Paula Melo;63568.0;Paula Melo;663
48;11;2,29E+13;401266 - SHOP - LP SHOPPING PATIO MACEIÓ - AL;Pagar;835871;0;0;01/11/2021;15/11/2021;16/11/2021;2092.66;1;0;1;;N;Crediário;0;1009232;LE SAC COMERCIAL CENTAR COUROS LT;0;Não;0;46.0;ROYALTIES;ROYALTIES;FORNECEDORES DIVERSOS;FLUXO DE CAIXA;2;Não;191;03.05.04.07;410;02.01.01.01.02;69;199;;;;;63568;Paula Melo;63568.0;Paula Melo;2092,66
49;11;2,29E+13;401266 - SHOP - LP SHOPPING PATIO MACEIÓ - AL;Pagar;835872;0;0;01/11/2021;19/11/2021;19/11/2021;864.12;1;0;1;;N;Crediário;0;1002506;ICMS;0;Não;0;46.0;ICMS ANTECIPADO (DESPESA);ICMS ANTECIPADO (DESPESA);ICMS ANTECIPADO A RECOLHER;FLUXO DE CAIXA;2;Não;254;03.05.01.06;469;02.01.01.05.14;470;199;;;;;63568;Paula Melo;63568.0;Paula Melo;864,12
50;11;2,29E+13;401266 - SHOP - LP SHOPPING PATIO MACEIÓ - AL;Pagar;835873;0;0;01/11/2021;19/11/2021;19/11/2021;133.36;1;0;1;;N;Crediário;0;1002506;ICMS;0;Não;0;46.0;ICMS FECOEP;ICMS FECOEP;ICMS FECOEP;FLUXO DE CAIXA;2;Não;364;03.02.02.10;581;02.01.01.05.17;582;199;;;;;63568;Paula Melo;63568.0;Paula Melo;133,36
51;11;2,29E+13;401266 - SHOP - LP SHOPPING PATIO MACEIÓ - AL;Pagar;835874;0;0;01/11/2021;20/11/2021;;655.1;1;0;1;;N;Crediário;0;1002510;INSS;0;Não;0;46.0;INSS A RECOLHER;INSS;INSS A RECOLHER;FLUXO DE CAIXA;2;Não;5;03.05.02.01.05;105;02.01.01.03.02;78;199;;;;;63568;Paula Melo;;;0
52;11;2,29E+13;401266 - SHOP - LP SHOPPING PATIO MACEIÓ - AL;Pagar;835875;0;0;01/11/2021;20/11/2021;22/11/2021;169.0;1;0;1;conecta;N;Crediário;0;1009232;LE SAC COMERCIAL CENTAR COUROS LT;0;Não;0;46.0;PUBLICIDADE/PROPAGANDA -ARLP;PUBLICIDADE - ARLP;FORNECEDORES DIVERSOS;FLUXO DE CAIXA;2;Não;256;03.05.06.05;472;02.01.01.01.02;69;199;;;;;63568;Paula Melo;63568.0;Paula Melo;169
53;11;2,29E+13;401266 - SHOP - LP SHOPPING PATIO MACEIÓ - AL;Pagar;835876;0;0;01/11/2021;28/11/2021;;505.5;1;0;1;;N;Crediário;0;1002562;Sind. Das Empr. de Transp. Urbano de Passag.;0;Não;0;46.0;VALE-TRANSPORTE A PAGAR;VALE-TRANSPORTE;FORNECEDORES DIVERSOS;FLUXO DE CAIXA;2;Não;10;03.05.02.01.10;110;02.01.01.01.02;69;199;;;;;63568;Paula Melo;;;0
54;11;2,29E+13;401266 - SHOP - LP SHOPPING PATIO MACEIÓ - AL;Pagar;835877;0;0;01/11/2021;28/11/2021;;19.56;1;0;1;;N;Crediário;0;1002562;Sind. Das Empr. de Transp. Urbano de Passag.;0;Não;0;46.0;VALE-TRANSPORTE A PAGAR;VALE-TRANSPORTE;FORNECEDORES DIVERSOS;FLUXO DE CAIXA;2;Não;10;03.05.02.01.10;110;02.01.01.01.02;69;199;;;;;63568;Paula Melo;;;0
55;12;2,29E+13;401267 - SHOP - LP PÁTIO ARAPIRACA GARDEN SHOP- AL;Pagar;835878;0;0;01/11/2021;01/11/2021;04/11/2021;296.4;1;0;1;;N;Crediário;0;1008309;R M VIAÇÃO LTDA;0;Não;0;46.0;VALE-TRANSPORTE A PAGAR;VALE-TRANSPORTE;FORNECEDORES DIVERSOS;FLUXO DE CAIXA;2;Não;10;03.05.02.01.10;110;02.01.01.01.02;69;199;;;;;63568;Paula Melo;63568.0;Paula Melo;296,4
56;12;2,29E+13;401267 - SHOP - LP PÁTIO ARAPIRACA GARDEN SHOP- AL;Pagar;835879;0;0;01/11/2021;05/11/2021;04/11/2021;5543.68;1;0;1;;N;Crediário;0;1009102;MIRANDA E JABUR LTDA;0;Não;0;46.0;SALÁRIOS A PAGAR;DESPESA SALÁRIOS;SALÁRIOS A PAGAR;FLUXO DE CAIXA;2;Não;106;03.05.02.01.01;232;02.01.01.03.01;80;199;;;;;63568;Paula Melo;63568.0;Paula Melo;5543,68
57;12;2,29E+13;401267 - SHOP - LP PÁTIO ARAPIRACA GARDEN SHOP- AL;Pagar;835880;0;0;01/11/2021;05/11/2021;10/11/2021;657.84;1;0;1;;N;Crediário;0;1002511;FGTS;0;Não;0;46.0;FGTS A RECOLHER;FGTS;FGTS A RECOLHER;FLUXO DE CAIXA;2;Não;14;03.05.02.01.13;114;02.01.01.03.03;79;199;;;;;63568;Paula Melo;63568.0;Paula Melo;657,84
58;12;2,29E+13;401267 - SHOP - LP PÁTIO ARAPIRACA GARDEN SHOP- AL;Pagar;835881;0;0;01/11/2021;10/11/2021;10/11/2021;663.0;1;0;1;;N;Crediário;0;1002543;Associação Rede Lepostiche;0;Não;0;46.0;PUBLICIDADE/PROPAGANDA -ARLP;PUBLICIDADE - ARLP;FORNECEDORES DIVERSOS;FLUXO DE CAIXA;2;Não;256;03.05.06.05;472;02.01.01.01.02;69;199;;;;;63568;Paula Melo;63568.0;Paula Melo;663
59;12;2,29E+13;401267 - SHOP - LP PÁTIO ARAPIRACA GARDEN SHOP- AL;Pagar;835882;0;0;01/11/2021;11/11/2021;;1099.88;1;0;1;;N;Crediário;0;1002547;S L Contabil Ltda;0;Não;0;46.0;CONTABILIDADE A PAGAR;ASSESSORIA CONTÁBIL;FORNECEDORES DIVERSOS;FLUXO DE CAIXA;2;Não;27;03.05.02.03.08;127;02.01.01.01.02;69;199;;;;;63568;Paula Melo;;;0
60;12;2,29E+13;401267 - SHOP - LP PÁTIO ARAPIRACA GARDEN SHOP- AL;Pagar;835883;0;0;01/11/2021;15/11/2021;16/11/2021;800.0;1;0;1;FILIAL;N;Crediário;0;1002494;MARCELINO SALGUEIRO DA SILVA;0;Não;0;46.0;PRÓ-LABORE MARCELINO;PRO-LABORES;PRÓ-LABORE A PAGAR;FLUXO DE CAIXA;2;Não;283;03.05.02.01.23;435;02.01.01.03.08;489;199;;;;;63568;Paula Melo;63568.0;Paula Melo;800
61;12;2,29E+13;401267 - SHOP - LP PÁTIO ARAPIRACA GARDEN SHOP- AL;Pagar;835884;0;0;01/11/2021;15/11/2021;16/11/2021;1846.91;1;0;1;;N;Crediário;0;1009232;LE SAC COMERCIAL CENTAR COUROS LT;0;Não;0;46.0;ROYALTIES;ROYALTIES;FORNECEDORES DIVERSOS;FLUXO DE CAIXA;2;Não;191;03.05.04.07;410;02.01.01.01.02;69;199;;;;;63568;Paula Melo;63568.0;Paula Melo;1846,91
62;12;2,29E+13;401267 - SHOP - LP PÁTIO ARAPIRACA GARDEN SHOP- AL;Pagar;835885;0;0;01/11/2021;20/11/2021;;456.0;1;0;1;;N;Crediário;0;1002510;INSS;0;Não;0;1.0;INSS A RECOLHER;INSS;INSS A RECOLHER;FLUXO DE CAIXA;2;Não;5;03.05.02.01.05;105;02.01.01.03.02;78;199;;;;;63568;Paula Melo;;;0
63;12;2,29E+13;401267 - SHOP - LP PÁTIO ARAPIRACA GARDEN SHOP- AL;Pagar;835886;0;0;01/11/2021;20/11/2021;;3200.0;1;0;1;;N;Crediário;0;1002507;SIMPLES FEDERAL;0;Não;0;46.0;SIMPLES FEDERAL A RECOLHER;SIMPLES FEDERAL;SIMPLES FEDERAL A RECOLHER;FLUXO DE CAIXA;2;Não;41;03.02.02.07;141;02.01.01.05.08;77;199;;;;;63568;Paula Melo;;;0
64;12;2,29E+13;401267 - SHOP - LP PÁTIO ARAPIRACA GARDEN SHOP- AL;Pagar;835887;0;0;01/11/2021;19/11/2021;19/11/2021;424.53;1;0;1;;N;Crediário;0;1002506;ICMS;0;Não;0;46.0;ICMS FECOEP;ICMS FECOEP;ICMS FECOEP;FLUXO DE CAIXA;2;Não;364;03.02.02.10;581;02.01.01.05.17;582;199;;;;;63568;Paula Melo;63568.0;Paula Melo;424,53
65;12;2,29E+13;401267 - SHOP - LP PÁTIO ARAPIRACA GARDEN SHOP- AL;Pagar;835888;0;0;01/11/2021;19/11/2021;19/11/2021;6254.89;1;0;1;;N;Crediário;0;1002506;ICMS;0;Não;0;46.0;ICMS ANTECIPADO (DESPESA);ICMS ANTECIPADO (DESPESA);ICMS ANTECIPADO A RECOLHER;FLUXO DE CAIXA;2;Não;254;03.05.01.06;469;02.01.01.05.14;470;199;;;;;63568;Paula Melo;63568.0;Paula Melo;6254,89
66;12;2,29E+13;401267 - SHOP - LP PÁTIO ARAPIRACA GARDEN SHOP- AL;Pagar;835889;0;0;01/11/2021;20/11/2021;22/11/2021;169.0;1;0;1;conecta;N;Crediário;0;1009232;LE SAC COMERCIAL CENTAR COUROS LT;0;Não;0;46.0;PUBLICIDADE/PROPAGANDA -ARLP;PUBLICIDADE - ARLP;FORNECEDORES DIVERSOS;FLUXO DE CAIXA;2;Não;256;03.05.06.05;472;02.01.01.01.02;69;199;;;;;63568;Paula Melo;63568.0;Paula Melo;169
67;12;2,29E+13;401267 - SHOP - LP PÁTIO ARAPIRACA GARDEN SHOP- AL;Pagar;835890;0;0;01/11/2021;24/11/2021;23/11/2021;222.7;1;0;1;;N;Crediário;0;1002564;Telemar Norte Leste S/a;0;Não;0;46.0;TELEFONE A PAGAR;TELEFONE;FORNECEDORES DIVERSOS;FLUXO DE CAIXA;2;Não;19;03.05.02.02.03;119;02.01.01.01.02;69;199;;;;;63568;Paula Melo;63568.0;Paula Melo;222,7
68;12;2,29E+13;401267 - SHOP - LP PÁTIO ARAPIRACA GARDEN SHOP- AL;Pagar;835891;0;0;01/11/2021;25/11/2021;25/11/2021;90.0;1;0;1;;N;Crediário;0;1005847;ALGAR;5;Não;0;46.0;ASSOCIAÇÃO COMERCIAL/OUTROS;ASSOCIAÇÃO COMERCIAL/OUTROS;FORNECEDORES DIVERSOS;FLUXO DE CAIXA;2;Não;261;03.05.02.03.17;413;02.01.01.01.02;69;199;;;;;63568;Paula Melo;63568.0;Paula Melo;85
69;13;2,29E+13;401268 - SHOP - LP PARQUE SHOPPING MACEIÓ - AL;Pagar;835892;0;0;01/11/2021;20/11/2021;25/11/2021;130.34;1;0;1;;N;Crediário;1,72;1007305;DARF;0;Não;0;46.0;IMPOSTO DE RENDA P.FÍSICA;FORNECEDORES DIVERSOS;IRPF A RECOLHER;FLUXO DE CAIXA;2;Não;176;02.01.01.01.02;69;02.01.01.05.13;398;199;;;;;63568;Paula Melo;63568.0;Paula Melo;132,06
70;13;2,29E+13;401268 - SHOP - LP PARQUE SHOPPING MACEIÓ - AL;Pagar;835893;0;0;01/11/2021;25/11/2021;;222.7;1;0;1;;N;Crediário;0;1008942;VIVO TELEFONIA BRASIL;0;Não;0;46.0;TELEFONE/INTERNET;TELEFONE/INTERNET;FORNECEDORES DIVERSOS;FLUXO DE CAIXA;2;Sim;294;03.05.02.02.09;494;02.01.01.01.02;69;199;;26/11/2021;63568.0;Paula Melo;63568;Paula Melo;;;0
71;10;2,29E+13;401262 - SHOP - LP MACEIÓ SHOPPING - AL;Pagar;835894;0;0;01/11/2021;11/11/2021;11/11/2021;1099.88;1;0;1;FILIAL;N;Crediário;0;1002547;S L Contabil Ltda;0;Não;0;46.0;CONTABILIDADE A PAGAR;ASSESSORIA CONTÁBIL;FORNECEDORES DIVERSOS;FLUXO DE CAIXA;2;Não;27;03.05.02.03.08;127;02.01.01.01.02;69;199;;;;;63568;Paula Melo;63568.0;Paula Melo;1099,88
72;11;2,29E+13;401266 - SHOP - LP SHOPPING PATIO MACEIÓ - AL;Pagar;835895;0;0;01/11/2021;11/11/2021;;1099.88;1;0;1;FILIAL;N;Crediário;0;1002547;S L Contabil Ltda;0;Não;0;46.0;CONTABILIDADE A PAGAR;ASSESSORIA CONTÁBIL;FORNECEDORES DIVERSOS;FLUXO DE CAIXA;2;Não;27;03.05.02.03.08;127;02.01.01.01.02;69;199;;;;;63568;Paula Melo;;;0
73;10;2,29E+13;401262 - SHOP - LP MACEIÓ SHOPPING - AL;Pagar;835940;0;0;01/11/2021;20/11/2021;;950.0;1;0;1;;N;Crediário;0;1002510;INSS;0;Não;0;46.0;INSS A RECOLHER;INSS;INSS A RECOLHER;FLUXO DE CAIXA;2;Não;5;03.05.02.01.05;105;02.01.01.03.02;78;199;;;;;63568;Paula Melo;;;0
74;10;2,29E+13;401262 - SHOP - LP MACEIÓ SHOPPING - AL;Pagar;835941;0;0;01/11/2021;20/11/2021;;22000.0;1;0;1;;N;Crediário;0;1002507;SIMPLES FEDERAL;0;Não;0;46.0;SIMPLES FEDERAL A RECOLHER;SIMPLES FEDERAL;SIMPLES FEDERAL A RECOLHER;FLUXO DE CAIXA;2;Não;41;03.02.02.07;141;02.01.01.05.08;77;199;;;;;63568;Paula Melo;;;0
75;12;2,29E+13;401267 - SHOP - LP PÁTIO ARAPIRACA GARDEN SHOP- AL;Pagar;835942;0;0;01/11/2021;25/11/2021;25/11/2021;59.99;1;0;1;;N;Crediário;0;1014926;ACESSO 10 INTERNET;0;Não;0;1.0;TELEFONE/INTERNET;TELEFONE/INTERNET;FORNECEDORES DIVERSOS;FLUXO DE CAIXA;2;Não;294;03.05.02.02.09;494;02.01.01.01.02;69;199;;;;;63568;Paula Melo;63568.0;Paula Melo;59,99
76;11;2,29E+13;401266 - SHOP - LP SHOPPING PATIO MACEIÓ - AL;Pagar;835945;0;0;01/11/2021;20/11/2021;;6000.0;1;0;1;;N;Crediário;0;1002507;SIMPLES FEDERAL;0;Não;0;46.0;SIMPLES FEDERAL A RECOLHER;SIMPLES FEDERAL;SIMPLES FEDERAL A RECOLHER;FLUXO DE CAIXA;2;Não;41;03.02.02.07;141;02.01.01.05.08;77;199;;;;;63568;Paula Melo;;;0
77;13;2,29E+13;401268 - SHOP - LP PARQUE SHOPPING MACEIÓ - AL;Pagar;836967;0;0;01/11/2021;01/11/2021;05/11/2021;4021.73;1;0;1;;N;Crediário;0;1003524;IONE DE SOUZA SANTOS;0;Não;0;;FGTS A RECOLHER;FGTS;FGTS A RECOLHER;FLUXO DE CAIXA;1;Não;14;03.05.02.01.13;114;02.01.01.03.03;79;199;;;;;63568;Paula Melo;63568.0;Paula Melo;4021,73
78;11;2,29E+13;401266 - SHOP - LP SHOPPING PATIO MACEIÓ - AL;Pagar;836983;0;0;01/11/2021;05/11/2021;05/11/2021;1869.27;1;0;1;;N;Crediário;0;1020000;MARCIA ROBERTA EMIDIO SANTOS NASCIMENTO;0;Não;0;;RESCISÃO A PAGAR;RESCISÃO;RESCISÕES/INDENIZAÇÕES A PAGAR;FLUXO DE CAIXA;1;Não;280;03.05.02.01.19;396;02.01.01.03.06;459;199;;;;;63568;Paula Melo;63568.0;Paula Melo;1869,27
79;11;2,29E+13;401266 - SHOP - LP SHOPPING PATIO MACEIÓ - AL;Pagar;836984;0;0;01/11/2021;05/11/2021;05/11/2021;119.54;1;0;1;FGTS RESCISORIO;N;Crediário;0;1020000;MARCIA ROBERTA EMIDIO SANTOS NASCIMENTO;0;Não;0;;FGTS A RECOLHER;FGTS;FGTS A RECOLHER;FLUXO DE CAIXA;1;Não;14;03.05.02.01.13;114;02.01.01.03.03;79;199;;;;;63568;Paula Melo;63568.0;Paula Melo;119,54
80;10;2,29E+13;401262 - SHOP - LP MACEIÓ SHOPPING - AL;Pagar;836988;0;0;01/11/2021;29/10/2021;;1829.97;1;0;1;;N;Crediário;0;1006454;LUCICLEIDE TAVARES DA SILVA;0;Não;0;;FÉRIAS A PAGAR;FÉRIAS;PROVISÃO DE FÉRIAS;FLUXO DE CAIXA;1;Não;3;03.05.02.01.03;103;02.01.01.04.02;83;199;;;;;63568;Paula Melo;;;0
81;10;2,29E+13;401262 - SHOP - LP MACEIÓ SHOPPING - AL;Pagar;837032;0;0;03/11/2021;03/11/2021;03/11/2021;200.0;1;0;1;;N;Crediário;0;1020034;ALYSSON IVO SILVA;0;Não;0;;PRÓ-LABORE MARCELINO;PRO-LABORES;PRÓ-LABORE A PAGAR;FLUXO DE CAIXA;1;Não;283;03.05.02.01.23;435;02.01.01.03.08;489;199;;;;;63568;Paula Melo;63568.0;Paula Melo;200
82;10;2,29E+13;401262 - SHOP - LP MACEIÓ SHOPPING - AL;Pagar;837034;0;0;01/11/2021;01/11/2021;;644.47;1;0;1;12078310;N;Crediário;0;1002557;Companhia Energetica de Alagoas - Ceal;0;Não;0;46.0;ENERGIA ELETRICA OCUPAÇÃO;ENERGIA ELETRICA;FORNECEDORES DIVERSOS;FLUXO DE CAIXA;2;Sim;260;03.05.05.04;424;02.01.01.01.02;69;199;;17/11/2021;63568.0;Paula Melo;63568;Paula Melo;;;0
83;10;2,29E+13;401262 - SHOP - LP MACEIÓ SHOPPING - AL;Pagar;837046;0;0;03/11/2021;10/12/2021;;300.0;1;0;1;;N;Crediário;0;1003569;IBN SILVA CIA LTDA;0;Não;0;46.0;COMBUSTÍVEIS A PAGAR;COMBUSTÍVEIS;FORNECEDORES DIVERSOS;FLUXO DE CAIXA;2;Não;34;03.05.02.03.07;134;02.01.01.01.02;69;199;;;;;63568;Paula Melo;;;0
84;2;6,75E+12;LE POSTICHE MACEIÓ - ALAGOAS CENTER - LJ02;Pagar;837097;0;0;01/11/2021;08/11/2021;09/11/2021;86.32;1;0;1;;N;Crediário;0;1001659;TELEMAR NORTE LESTE S/A;0;Não;0;46.0;TELEFONE A PAGAR;TELEFONE;FORNECEDORES DIVERSOS;FLUXO DE CAIXA;2;Não;19;03.05.02.02.03;119;02.01.01.01.02;69;199;;;;;63568;Paula Melo;63568.0;Paula Melo;86,32
85;2;6,75E+12;LE POSTICHE MACEIÓ - ALAGOAS CENTER - LJ02;Pagar;837098;0;0;01/11/2021;08/11/2021;09/11/2021;155.12;1;0;1;;N;Crediário;0;1001659;TELEMAR NORTE LESTE S/A;0;Não;0;46.0;TELEFONE/INTERNET;TELEFONE/INTERNET;FORNECEDORES DIVERSOS;FLUXO DE CAIXA;2;Não;294;03.05.02.02.09;494;02.01.01.01.02;69;199;;;;;63568;Paula Melo;63568.0;Paula Melo;155,12
86;2;6,75E+12;LE POSTICHE MACEIÓ - ALAGOAS CENTER - LJ02;Pagar;837099;0;0;01/11/2021;08/11/2021;09/11/2021;70.36;1;0;1;;N;Crediário;1,4;1002545;Câmara de Dirigentes Lojistas de Maceio;0;Não;0;46.0;ASSOCIAÇÃO COMERCIAL/OUTROS;ASSOCIAÇÃO COMERCIAL/OUTROS;FORNECEDORES DIVERSOS;FLUXO DE CAIXA;2;Não;261;03.05.02.03.17;413;02.01.01.01.02;69;199;;;;;63568;Paula Melo;63568.0;Paula Melo;71,99
87;2;6,75E+12;LE POSTICHE MACEIÓ - ALAGOAS CENTER - LJ02;Pagar;837100;0;0;01/11/2021;25/11/2021;25/11/2021;654.84;1;0;1;;N;Crediário;0;1008942;VIVO TELEFONIA BRASIL;0;Não;0;46.0;TELEFONE A PAGAR;TELEFONE;FORNECEDORES DIVERSOS;FLUXO DE CAIXA;2;Não;19;03.05.02.02.03;119;02.01.01.01.02;69;199;;;;;63568;Paula Melo;63568.0;Paula Melo;654,84
88;10;2,29E+13;401262 - SHOP - LP MACEIÓ SHOPPING - AL;Pagar;837121;0;0;01/11/2021;30/11/2021;;5800.0;1;0;2;;N;Crediário;0;1009099;JABUR CENTER COUROS EIRELI - EPP;0;Não;0;;13º SALÁRIOS A PAGAR;13º SALÁRIO;PROVISÃO DE 13º SALÁRIO;FLUXO DE CAIXA;1;Não;4;03.05.02.01.04;104;02.01.01.04.01;82;199;;;;;63568;Paula Melo;;;0
89;10;2,29E+13;401262 - SHOP - LP MACEIÓ SHOPPING - AL;Pagar;837122;0;0;01/11/2021;20/12/2021;;3500.0;2;0;2;;N;Crediário;0;1009099;JABUR CENTER COUROS EIRELI - EPP;0;Não;0;;13º SALÁRIOS A PAGAR;13º SALÁRIO;PROVISÃO DE 13º SALÁRIO;FLUXO DE CAIXA;1;Não;4;03.05.02.01.04;104;02.01.01.04.01;82;199;;;;;63568;Paula Melo;;;0
90;11;2,29E+13;401266 - SHOP - LP SHOPPING PATIO MACEIÓ - AL;Pagar;837123;0;0;01/11/2021;30/11/2021;;3500.0;1;0;2;;N;Crediário;0;1009100;M. SALGUEIRO DA SILVA - EPP;0;Não;0;;13º SALÁRIOS A PAGAR;13º SALÁRIO;PROVISÃO DE 13º SALÁRIO;FLUXO DE CAIXA;1;Não;4;03.05.02.01.04;104;02.01.01.04.01;82;199;;;;;63568;Paula Melo;;;0
91;11;2,29E+13;401266 - SHOP - LP SHOPPING PATIO MACEIÓ - AL;Pagar;837124;0;0;01/11/2021;20/12/2021;;2500.0;2;0;2;;N;Crediário;0;1009100;M. SALGUEIRO DA SILVA - EPP;0;Não;0;;13º SALÁRIOS A PAGAR;13º SALÁRIO;PROVISÃO DE 13º SALÁRIO;FLUXO DE CAIXA;1;Não;4;03.05.02.01.04;104;02.01.01.04.01;82;199;;;;;63568;Paula Melo;;;0
92;12;2,29E+13;401267 - SHOP - LP PÁTIO ARAPIRACA GARDEN SHOP- AL;Pagar;837125;0;0;01/11/2021;30/11/2021;;2700.0;1;0;2;;N;Crediário;0;1009102;MIRANDA E JABUR LTDA;0;Não;0;;13º SALÁRIOS A PAGAR;13º SALÁRIO;PROVISÃO DE 13º SALÁRIO;FLUXO DE CAIXA;1;Não;4;03.05.02.01.04;104;02.01.01.04.01;82;199;;;;;63568;Paula Melo;;;0
93;12;2,29E+13;401267 - SHOP - LP PÁTIO ARAPIRACA GARDEN SHOP- AL;Pagar;837126;0;0;01/11/2021;20/12/2021;;2000.0;2;0;2;;N;Crediário;0;1009102;MIRANDA E JABUR LTDA;0;Não;0;;13º SALÁRIOS A PAGAR;13º SALÁRIO;PROVISÃO DE 13º SALÁRIO;FLUXO DE CAIXA;1;Não;4;03.05.02.01.04;104;02.01.01.04.01;82;199;;;;;63568;Paula Melo;;;0
94;11;2,29E+13;401266 - SHOP - LP SHOPPING PATIO MACEIÓ - AL;Pagar;837311;0;0;01/11/2021;05/11/2021;;7000.0;1;0;1;;N;Crediário;0;1002560;Pátio Maceio S/a;0;Não;0;46.0;ALUGUÉIS A PAGAR;ALUGUÉIS;FORNECEDORES DIVERSOS;FLUXO DE CAIXA;2;Não;15;03.05.05.01;421;02.01.01.01.02;69;199;;;;;63568;Paula Melo;;;0
95;11;2,29E+13;401266 - SHOP - LP SHOPPING PATIO MACEIÓ - AL;Pagar;837312;0;0;01/11/2021;05/11/2021;;1505.69;1;0;1;;N;Crediário;0;1002560;Pátio Maceio S/a;0;Não;0;46.0;FUNDO DE PROMOÇÃO;FUNDO DE PROPAGANDA;FORNECEDORES DIVERSOS;FLUXO DE CAIXA;2;Não;174;03.05.05.03;423;02.01.01.01.02;69;199;;;;;63568;Paula Melo;;;0
96;11;2,29E+13;401266 - SHOP - LP SHOPPING PATIO MACEIÓ - AL;Pagar;837313;0;0;01/11/2021;05/11/2021;;4200.84;1;0;1;;N;Crediário;0;1002560;Pátio Maceio S/a;0;Não;0;46.0;CONDOMINIOS A PAGAR;CONDOMINIOS;FORNECEDORES DIVERSOS;FLUXO DE CAIXA;2;Não;199;03.05.05.02;422;02.01.01.01.02;69;199;;;;;63568;Paula Melo;;;0
97;11;2,29E+13;401266 - SHOP - LP SHOPPING PATIO MACEIÓ - AL;Pagar;837314;0;0;01/11/2021;05/11/2021;;58.6;1;0;1;;N;Crediário;0;1002560;Pátio Maceio S/a;0;Não;0;1.0;ENERGIA ELETRICA OCUPAÇÃO;ENERGIA ELETRICA;FORNECEDORES DIVERSOS;FLUXO DE CAIXA;2;Não;260;03.05.05.04;424;02.01.01.01.02;69;199;;;;;63568;Paula Melo;;;0
98;11;2,29E+13;401266 - SHOP - LP SHOPPING PATIO MACEIÓ - AL;Pagar;837315;0;0;01/11/2021;05/11/2021;;163.34;1;0;1;;N;Crediário;0;1002560;Pátio Maceio S/a;0;Não;0;1.0;IPTU A PAGAR;IPTU;OUTROS IMPOSTOS E TAXAS A RECOLHER;FLUXO DE CAIXA;2;Não;303;03.05.05.06;426;02.01.01.05.10;356;199;;;;;63568;Paula Melo;;;0
99;10;2,29E+13;401262 - SHOP - LP MACEIÓ SHOPPING - AL;Pagar;838193;0;0;05/11/2021;09/11/2021;09/11/2021;2675.59;1;0;1;FGTS RESCISORIO;N;Crediário;0;1008383;CHIARA LUISE SALGUEIRO SCHOEPE;0;Não;0;;FGTS A RECOLHER;FGTS;FGTS A RECOLHER;FLUXO DE CAIXA;1;Não;14;03.05.02.01.13;114;02.01.01.03.03;79;199;;;;;63568;Paula Melo;63568.0;Paula Melo;2675,59
100;10;2,29E+13;401262 - SHOP - LP MACEIÓ SHOPPING - AL;Pagar;838194;0;0;05/11/2021;09/11/2021;;1313.46;1;0;1;;N;Crediário;0;1008383;CHIARA LUISE SALGUEIRO SCHOEPE;0;Não;0;;RESCISÃO A PAGAR;RESCISÃO;RESCISÕES/INDENIZAÇÕES A PAGAR;FLUXO DE CAIXA;1;Não;280;03.05.02.01.19;396;02.01.01.03.06;459;199;;;;;63568;Paula Melo;;;0
101;13;2,29E+13;401268 - SHOP - LP PARQUE SHOPPING MACEIÓ - AL;Pagar;838266;314232;0;01/11/2021;05/11/2021;05/11/2021;254.8;1;0;1;;N;Crediário;0;1017787;MAXLOG IMPORTACAO E EXPORTACAO LTDA;0;Não;0;;COMPRA A PRAZO;MERCADORIA PARA REVENDA;FORNECEDORES PRODUTOS PARA REVENDA;FLUXO DE CAIXA;1;Não;64;01.01.02.01.03;18;02.01.01.01.01;220;199;;;;;63568;Paula Melo;63568.0;Paula Melo;254,8
102;10;2,29E+13;401262 - SHOP - LP MACEIÓ SHOPPING - AL;Pagar;838267;423;0;05/11/2021;05/11/2021;05/11/2021;350.0;1;0;1;FILIAL;N;Crediário;0;1020041;MULTI MARCAS COMERCIO E SERVIÇOS;0;Não;0;;MANUTENÇÃO DE AUTOMÓVEIS A PAGAR;MANUTENÇÃO AUTOMÓVEL;FORNECEDORES DIVERSOS;FLUXO DE CAIXA;1;Não;79;03.05.02.03.13;158;02.01.01.01.02;69;199;;;;;63568;Paula Melo;63568.0;Paula Melo;350
103;10;2,29E+13;401262 - SHOP - LP MACEIÓ SHOPPING - AL;Pagar;838366;362173;0;12/11/2021;11/11/2021;11/11/2021;143.65;1;0;1;;N;Crediário;0;1002506;ICMS;0;Não;0;;ICMS SUBST TRIB (DESPESA);ICMS SUBST TRIB (DESPESA);ICMS ST A RECOLHER;FLUXO DE CAIXA;1;Não;255;03.05.01.07;471;02.01.01.05.09;270;199;;;;;63568;Paula Melo;63568.0;Paula Melo;143,65
104;10;2,29E+13;401262 - SHOP - LP MACEIÓ SHOPPING - AL;Pagar;838367;362173;0;11/11/2021;11/11/2021;11/11/2021;8.45;1;0;1;;N;Crediário;0;1002506;ICMS;0;Não;0;;ICMS SUBST TRIB (DESPESA);ICMS SUBST TRIB (DESPESA);ICMS ST A RECOLHER;FLUXO DE CAIXA;1;Não;255;03.05.01.07;471;02.01.01.05.09;270;199;;;;;63568;Paula Melo;63568.0;Paula Melo;8,45
105;13;2,29E+13;401268 - SHOP - LP PARQUE SHOPPING MACEIÓ - AL;Pagar;838368;0;0;01/11/2021;11/11/2021;11/11/2021;188.43;1;0;1;;N;Crediário;0;1002547;S L Contabil Ltda;0;Não;0;46.0;CONTABILIDADE A PAGAR;ASSESSORIA CONTÁBIL;FORNECEDORES DIVERSOS;FLUXO DE CAIXA;2;Não;27;03.05.02.03.08;127;02.01.01.01.02;69;199;;;;;63568;Paula Melo;63568.0;Paula Melo;188,43
106;13;2,29E+13;401268 - SHOP - LP PARQUE SHOPPING MACEIÓ - AL;Pagar;838369;0;0;01/11/2021;11/11/2021;12/11/2021;1099.88;1;0;1;;N;Crediário;21,99;1002547;S L Contabil Ltda;0;Não;0;46.0;CONTABILIDADE A PAGAR;ASSESSORIA CONTÁBIL;FORNECEDORES DIVERSOS;FLUXO DE CAIXA;2;Não;27;03.05.02.03.08;127;02.01.01.01.02;69;199;;;;;63568;Paula Melo;63568.0;Paula Melo;1125,54
107;10;2,29E+13;401262 - SHOP - LP MACEIÓ SHOPPING - AL;Pagar;838496;135983;0;01/11/2021;16/12/2021;;1336.5;1;0;2;;N;Crediário;0;1002375;CHENSON COM. EXTERIOR LTDA.;0;Não;0;1.0;COMPRA A PRAZO;MERCADORIA PARA REVENDA;FORNECEDORES PRODUTOS PARA REVENDA;CAIXA CENTRAL;1;Não;64;01.01.02.01.03;18;02.01.01.01.01;220;25;13598.0;;;;63526;Marcelino;;;0
108;10;2,29E+13;401262 - SHOP - LP MACEIÓ SHOPPING - AL;Pagar;838497;135983;0;01/11/2021;17/01/2022;;1336.5;2;0;2;;N;Crediário;0;1002375;CHENSON COM. EXTERIOR LTDA.;0;Não;0;1.0;COMPRA A PRAZO;MERCADORIA PARA REVENDA;FORNECEDORES PRODUTOS PARA REVENDA;CAIXA CENTRAL;1;Não;64;01.01.02.01.03;18;02.01.01.01.01;220;25;13598.0;;;;63526;Marcelino;;;0
109;10;2,29E+13;401262 - SHOP - LP MACEIÓ SHOPPING - AL;Pagar;838500;68305;0;01/11/2021;16/12/2021;;592.9;1;0;2;;N;Crediário;0;1006886;REPUBLIC. VIX COMERCIO EXTERIOR LTDA;0;Não;0;1.0;COMPRA A PRAZO;MERCADORIA PARA REVENDA;FORNECEDORES PRODUTOS PARA REVENDA;CAIXA CENTRAL;1;Não;64;01.01.02.01.03;18;02.01.01.01.01;220;25;68305.0;;;;63526;Marcelino;;;0
110;10;2,29E+13;401262 - SHOP - LP MACEIÓ SHOPPING - AL;Pagar;838501;68305;0;01/11/2021;17/01/2022;;592.9;2;0;2;;N;Crediário;0;1006886;REPUBLIC. VIX COMERCIO EXTERIOR LTDA;0;Não;0;1.0;COMPRA A PRAZO;MERCADORIA PARA REVENDA;FORNECEDORES PRODUTOS PARA REVENDA;CAIXA CENTRAL;1;Não;64;01.01.02.01.03;18;02.01.01.01.01;220;25;68305.0;;;;63526;Marcelino;;;0
111;10;2,29E+13;401262 - SHOP - LP MACEIÓ SHOPPING - AL;Pagar;838882;24291;1;09/11/2021;09/11/2021;;182.24;1;0;7;;N;Crediário;0;1014268;NYTRON INTERNACIONAL LTDA;0;Não;0;1.0;COMPRA A PRAZO;MERCADORIA PARA REVENDA;FORNECEDORES PRODUTOS PARA REVENDA;CAIXA CENTRAL;1;Não;64;01.01.02.01.03;18;02.01.01.01.01;220;25;24291.0;;;;63526;Marcelino;;;0
112;10;2,29E+13;401262 - SHOP - LP MACEIÓ SHOPPING - AL;Pagar;838883;24291;1;09/11/2021;09/12/2021;;2676.25;2;0;7;;N;Crediário;0;1014268;NYTRON INTERNACIONAL LTDA;0;Não;0;1.0;COMPRA A PRAZO;MERCADORIA PARA REVENDA;FORNECEDORES PRODUTOS PARA REVENDA;CAIXA CENTRAL;1;Não;64;01.01.02.01.03;18;02.01.01.01.01;220;25;24291.0;;;;63526;Marcelino;;;0
113;10;2,29E+13;401262 - SHOP - LP MACEIÓ SHOPPING - AL;Pagar;838884;24291;1;09/11/2021;08/01/2022;;1660.01;3;0;7;;N;Crediário;0;1014268;NYTRON INTERNACIONAL LTDA;0;Não;0;1.0;COMPRA A PRAZO;MERCADORIA PARA REVENDA;FORNECEDORES PRODUTOS PARA REVENDA;CAIXA CENTRAL;1;Não;64;01.01.02.01.03;18;02.01.01.01.01;220;25;24291.0;;;;63526;Marcelino;;;0
114;10;2,29E+13;401262 - SHOP - LP MACEIÓ SHOPPING - AL;Pagar;838885;24291;1;09/11/2021;23/01/2022;;1842.25;4;0;7;;N;Crediário;0;1014268;NYTRON INTERNACIONAL LTDA;0;Não;0;1.0;COMPRA A PRAZO;MERCADORIA PARA REVENDA;FORNECEDORES PRODUTOS PARA REVENDA;CAIXA CENTRAL;1;Não;64;01.01.02.01.03;18;02.01.01.01.01;220;25;24291.0;;;;63526;Marcelino;;;0
115;10;2,29E+13;401262 - SHOP - LP MACEIÓ SHOPPING - AL;Pagar;838886;24291;1;09/11/2021;07/02/2022;;1842.25;5;0;7;;N;Crediário;0;1014268;NYTRON INTERNACIONAL LTDA;0;Não;0;1.0;COMPRA A PRAZO;MERCADORIA PARA REVENDA;FORNECEDORES PRODUTOS PARA REVENDA;CAIXA CENTRAL;1;Não;64;01.01.02.01.03;18;02.01.01.01.01;220;25;24291.0;;;;63526;Marcelino;;;0
116;10;2,29E+13;401262 - SHOP - LP MACEIÓ SHOPPING - AL;Pagar;838887;24291;1;09/11/2021;22/02/2022;;1842.25;6;0;7;;N;Crediário;0;1014268;NYTRON INTERNACIONAL LTDA;0;Não;0;1.0;COMPRA A PRAZO;MERCADORIA PARA REVENDA;FORNECEDORES PRODUTOS PARA REVENDA;CAIXA CENTRAL;1;Não;64;01.01.02.01.03;18;02.01.01.01.01;220;25;24291.0;;;;63526;Marcelino;;;0
117;10;2,29E+13;401262 - SHOP - LP MACEIÓ SHOPPING - AL;Pagar;838888;24291;1;09/11/2021;09/03/2022;;1842.28;7;0;7;;N;Crediário;0;1014268;NYTRON INTERNACIONAL LTDA;0;Não;0;1.0;COMPRA A PRAZO;MERCADORIA PARA REVENDA;FORNECEDORES PRODUTOS PARA REVENDA;CAIXA CENTRAL;1;Não;64;01.01.02.01.03;18;02.01.01.01.01;220;25;24291.0;;;;63526;Marcelino;;;0
118;11;2,29E+13;401266 - SHOP - LP SHOPPING PATIO MACEIÓ - AL;Pagar;838914;24293;1;10/11/2021;10/12/2021;;1069.94;1;0;6;;N;Crediário;0;1014268;NYTRON INTERNACIONAL LTDA;0;Não;0;1.0;COMPRA A PRAZO;MERCADORIA PARA REVENDA;FORNECEDORES PRODUTOS PARA REVENDA;CAIXA CENTRAL;1;Não;64;01.01.02.01.03;18;02.01.01.01.01;220;25;24293.0;;;;63526;Marcelino;;;0
119;11;2,29E+13;401266 - SHOP - LP SHOPPING PATIO MACEIÓ - AL;Pagar;838915;24293;1;10/11/2021;09/01/2022;;736.51;2;0;6;;N;Crediário;0;1014268;NYTRON INTERNACIONAL LTDA;0;Não;0;1.0;COMPRA A PRAZO;MERCADORIA PARA REVENDA;FORNECEDORES PRODUTOS PARA REVENDA;CAIXA CENTRAL;1;Não;64;01.01.02.01.03;18;02.01.01.01.01;220;25;24293.0;;;;63526;Marcelino;;;0
120;11;2,29E+13;401266 - SHOP - LP SHOPPING PATIO MACEIÓ - AL;Pagar;838916;24293;1;10/11/2021;24/01/2022;;736.51;3;0;6;;N;Crediário;0;1014268;NYTRON INTERNACIONAL LTDA;0;Não;0;1.0;COMPRA A PRAZO;MERCADORIA PARA REVENDA;FORNECEDORES PRODUTOS PARA REVENDA;CAIXA CENTRAL;1;Não;64;01.01.02.01.03;18;02.01.01.01.01;220;25;24293.0;;;;63526;Marcelino;;;0
121;11;2,29E+13;401266 - SHOP - LP SHOPPING PATIO MACEIÓ - AL;Pagar;838917;24293;1;10/11/2021;08/02/2022;;736.51;4;0;6;;N;Crediário;0;1014268;NYTRON INTERNACIONAL LTDA;0;Não;0;1.0;COMPRA A PRAZO;MERCADORIA PARA REVENDA;FORNECEDORES PRODUTOS PARA REVENDA;CAIXA CENTRAL;1;Não;64;01.01.02.01.03;18;02.01.01.01.01;220;25;24293.0;;;;63526;Marcelino;;;0
122;11;2,29E+13;401266 - SHOP - LP SHOPPING PATIO MACEIÓ - AL;Pagar;838918;24293;1;10/11/2021;23/02/2022;;736.51;5;0;6;;N;Crediário;0;1014268;NYTRON INTERNACIONAL LTDA;0;Não;0;1.0;COMPRA A PRAZO;MERCADORIA PARA REVENDA;FORNECEDORES PRODUTOS PARA REVENDA;CAIXA CENTRAL;1;Não;64;01.01.02.01.03;18;02.01.01.01.01;220;25;24293.0;;;;63526;Marcelino;;;0
123;11;2,29E+13;401266 - SHOP - LP SHOPPING PATIO MACEIÓ - AL;Pagar;838919;24293;1;10/11/2021;09/03/2022;;736.52;6;0;6;;N;Crediário;0;1014268;NYTRON INTERNACIONAL LTDA;0;Não;0;1.0;COMPRA A PRAZO;MERCADORIA PARA REVENDA;FORNECEDORES PRODUTOS PARA REVENDA;CAIXA CENTRAL;1;Não;64;01.01.02.01.03;18;02.01.01.01.01;220;25;24293.0;;;;63526;Marcelino;;;0
124;12;2,29E+13;401267 - SHOP - LP PÁTIO ARAPIRACA GARDEN SHOP- AL;Pagar;838920;24294;1;10/11/2021;10/12/2021;;1448.66;1;0;6;;N;Crediário;0;1014268;NYTRON INTERNACIONAL LTDA;0;Não;0;1.0;COMPRA A PRAZO;MERCADORIA PARA REVENDA;FORNECEDORES PRODUTOS PARA REVENDA;CAIXA CENTRAL;1;Não;64;01.01.02.01.03;18;02.01.01.01.01;220;25;24294.0;;;;63526;Marcelino;;;0
125;12;2,29E+13;401267 - SHOP - LP PÁTIO ARAPIRACA GARDEN SHOP- AL;Pagar;838921;24294;1;10/11/2021;09/01/2022;;997.21;2;0;6;;N;Crediário;0;1014268;NYTRON INTERNACIONAL LTDA;0;Não;0;1.0;COMPRA A PRAZO;MERCADORIA PARA REVENDA;FORNECEDORES PRODUTOS PARA REVENDA;CAIXA CENTRAL;1;Não;64;01.01.02.01.03;18;02.01.01.01.01;220;25;24294.0;;;;63526;Marcelino;;;0
126;12;2,29E+13;401267 - SHOP - LP PÁTIO ARAPIRACA GARDEN SHOP- AL;Pagar;838922;24294;1;10/11/2021;24/01/2022;;997.21;3;0;6;;N;Crediário;0;1014268;NYTRON INTERNACIONAL LTDA;0;Não;0;1.0;COMPRA A PRAZO;MERCADORIA PARA REVENDA;FORNECEDORES PRODUTOS PARA REVENDA;CAIXA CENTRAL;1;Não;64;01.01.02.01.03;18;02.01.01.01.01;220;25;24294.0;;;;63526;Marcelino;;;0
127;12;2,29E+13;401267 - SHOP - LP PÁTIO ARAPIRACA GARDEN SHOP- AL;Pagar;838923;24294;1;10/11/2021;08/02/2022;;997.21;4;0;6;;N;Crediário;0;1014268;NYTRON INTERNACIONAL LTDA;0;Não;0;1.0;COMPRA A PRAZO;MERCADORIA PARA REVENDA;FORNECEDORES PRODUTOS PARA REVENDA;CAIXA CENTRAL;1;Não;64;01.01.02.01.03;18;02.01.01.01.01;220;25;24294.0;;;;63526;Marcelino;;;0
128;12;2,29E+13;401267 - SHOP - LP PÁTIO ARAPIRACA GARDEN SHOP- AL;Pagar;838924;24294;1;10/11/2021;23/02/2022;;997.21;5;0;6;;N;Crediário;0;1014268;NYTRON INTERNACIONAL LTDA;0;Não;0;1.0;COMPRA A PRAZO;MERCADORIA PARA REVENDA;FORNECEDORES PRODUTOS PARA REVENDA;CAIXA CENTRAL;1;Não;64;01.01.02.01.03;18;02.01.01.01.01;220;25;24294.0;;;;63526;Marcelino;;;0
129;12;2,29E+13;401267 - SHOP - LP PÁTIO ARAPIRACA GARDEN SHOP- AL;Pagar;838925;24294;1;10/11/2021;10/03/2022;;997.21;6;0;6;;N;Crediário;0;1014268;NYTRON INTERNACIONAL LTDA;0;Não;0;1.0;COMPRA A PRAZO;MERCADORIA PARA REVENDA;FORNECEDORES PRODUTOS PARA REVENDA;CAIXA CENTRAL;1;Não;64;01.01.02.01.03;18;02.01.01.01.01;220;25;24294.0;;;;63526;Marcelino;;;0
130;11;2,29E+13;401266 - SHOP - LP SHOPPING PATIO MACEIÓ - AL;Pagar;839140;0;0;12/11/2021;12/11/2021;16/11/2021;2000.0;1;0;1;;N;Crediário;0;1002494;MARCELINO SALGUEIRO DA SILVA;0;Não;0;;PRÓ-LABORE MARCELINO;PRO-LABORES;PRÓ-LABORE A PAGAR;FLUXO DE CAIXA;1;Não;283;03.05.02.01.23;435;02.01.01.03.08;489;199;;;;;63568;Paula Melo;63568.0;Paula Melo;2000
131;10;2,29E+13;401262 - SHOP - LP MACEIÓ SHOPPING - AL;Pagar;839141;0;0;01/11/2021;12/11/2021;12/11/2021;138.11;1;0;1;6375103;N;Crediário;0;1002557;Companhia Energetica de Alagoas - Ceal;0;Não;0;46.0;ENERGIA ELETRICA OCUPAÇÃO;ENERGIA ELETRICA;FORNECEDORES DIVERSOS;FLUXO DE CAIXA;2;Não;260;03.05.05.04;424;02.01.01.01.02;69;199;;;;;63568;Paula Melo;63568.0;Paula Melo;138,11
132;10;2,29E+13;401262 - SHOP - LP MACEIÓ SHOPPING - AL;Pagar;839143;0;0;12/11/2021;12/11/2021;12/11/2021;134.53;1;0;1;;N;Crediário;0;1020052;EMPRESA BRASILEIRA DE CORREIOSE TELEGRAFOS;0;Não;0;;PRO-LABORE ANA;PRO-LABORES;PRÓ-LABORE A PAGAR;FLUXO DE CAIXA;1;Não;281;03.05.02.01.23;435;02.01.01.03.08;489;199;;;;;63568;Paula Melo;63568.0;Paula Melo;134,53
133;10;2,29E+13;401262 - SHOP - LP MACEIÓ SHOPPING - AL;Pagar;839144;0;0;12/11/2021;12/11/2021;12/11/2021;166.2;1;0;1;;N;Crediário;0;1020052;EMPRESA BRASILEIRA DE CORREIOSE TELEGRAFOS;0;Não;0;;PRO-LABORE ANA;PRO-LABORES;PRÓ-LABORE A PAGAR;FLUXO DE CAIXA;1;Não;281;03.05.02.01.23;435;02.01.01.03.08;489;199;;;;;63568;Paula Melo;63568.0;Paula Melo;166,2
134;11;2,29E+13;401266 - SHOP - LP SHOPPING PATIO MACEIÓ - AL;Pagar;839354;0;0;17/11/2021;17/11/2021;17/11/2021;3900.0;1;0;1;;N;Crediário;0;1002494;MARCELINO SALGUEIRO DA SILVA;0;Não;0;;PRÓ-LABORE MARCELINO;PRO-LABORES;PRÓ-LABORE A PAGAR;FLUXO DE CAIXA;1;Não;283;03.05.02.01.23;435;02.01.01.03.08;489;199;;;;;63568;Paula Melo;63568.0;Paula Melo;3900
135;14;2,35E+13;415027 - RUA - LP RUA ENG. M.GUSMÃO - PAJUÇARA-AL;Pagar;839855;0;0;19/11/2021;19/11/2021;19/11/2021;8878.49;1;0;1;;N;Crediário;0;1002613;PAULA GUIMARAES VITAL WANDERLEY LISBOA;0;Não;0;;FGTS A RECOLHER;FGTS;FGTS A RECOLHER;FLUXO DE CAIXA;1;Não;14;03.05.02.01.13;114;02.01.01.03.03;79;199;;;;;63568;Paula Melo;63568.0;Paula Melo;8878,49
136;10;2,29E+13;401262 - SHOP - LP MACEIÓ SHOPPING - AL;Pagar;839912;4081;1;08/11/2021;12/01/2022;;687.95;1;0;4;;N;Crediário;0;1019330;BERNARDO BENNESH ARTEFATOS DE COURO LTDA;0;Não;0;1.0;COMPRA A PRAZO;MERCADORIA PARA REVENDA;FORNECEDORES PRODUTOS PARA REVENDA;CAIXA CENTRAL;1;Não;64;01.01.02.01.03;18;02.01.01.01.01;220;25;4081.0;;;;63526;Marcelino;;;0
137;10;2,29E+13;401262 - SHOP - LP MACEIÓ SHOPPING - AL;Pagar;839913;4081;1;08/11/2021;27/01/2022;;686.0;2;0;4;;N;Crediário;0;1019330;BERNARDO BENNESH ARTEFATOS DE COURO LTDA;0;Não;0;1.0;COMPRA A PRAZO;MERCADORIA PARA REVENDA;FORNECEDORES PRODUTOS PARA REVENDA;CAIXA CENTRAL;1;Não;64;01.01.02.01.03;18;02.01.01.01.01;220;25;4081.0;;;;63526;Marcelino;;;0
138;10;2,29E+13;401262 - SHOP - LP MACEIÓ SHOPPING - AL;Pagar;839914;4081;1;08/11/2021;11/02/2022;;686.0;3;0;4;;N;Crediário;0;1019330;BERNARDO BENNESH ARTEFATOS DE COURO LTDA;0;Não;0;1.0;COMPRA A PRAZO;MERCADORIA PARA REVENDA;FORNECEDORES PRODUTOS PARA REVENDA;CAIXA CENTRAL;1;Não;64;01.01.02.01.03;18;02.01.01.01.01;220;25;4081.0;;;;63526;Marcelino;;;0
139;10;2,29E+13;401262 - SHOP - LP MACEIÓ SHOPPING - AL;Pagar;839915;4081;1;08/11/2021;26/02/2022;;686.0;4;0;4;;N;Crediário;0;1019330;BERNARDO BENNESH ARTEFATOS DE COURO LTDA;0;Não;0;1.0;COMPRA A PRAZO;MERCADORIA PARA REVENDA;FORNECEDORES PRODUTOS PARA REVENDA;CAIXA CENTRAL;1;Não;64;01.01.02.01.03;18;02.01.01.01.01;220;25;4081.0;;;;63526;Marcelino;;;0
140;11;2,29E+13;401266 - SHOP - LP SHOPPING PATIO MACEIÓ - AL;Pagar;839919;4082;1;08/11/2021;12/01/2022;;562.79;1;0;4;;N;Crediário;0;1019330;BERNARDO BENNESH ARTEFATOS DE COURO LTDA;0;Não;0;1.0;COMPRA A PRAZO;MERCADORIA PARA REVENDA;FORNECEDORES PRODUTOS PARA REVENDA;CAIXA CENTRAL;1;Não;64;01.01.02.01.03;18;02.01.01.01.01;220;25;4082.0;;;;63526;Marcelino;;;0
141;11;2,29E+13;401266 - SHOP - LP SHOPPING PATIO MACEIÓ - AL;Pagar;839920;4082;1;08/11/2021;27/01/2022;;560.0;2;0;4;;N;Crediário;0;1019330;BERNARDO BENNESH ARTEFATOS DE COURO LTDA;0;Não;0;1.0;COMPRA A PRAZO;MERCADORIA PARA REVENDA;FORNECEDORES PRODUTOS PARA REVENDA;CAIXA CENTRAL;1;Não;64;01.01.02.01.03;18;02.01.01.01.01;220;25;4082.0;;;;63526;Marcelino;;;0
142;11;2,29E+13;401266 - SHOP - LP SHOPPING PATIO MACEIÓ - AL;Pagar;839921;4082;1;08/11/2021;11/02/2022;;560.0;3;0;4;;N;Crediário;0;1019330;BERNARDO BENNESH ARTEFATOS DE COURO LTDA;0;Não;0;1.0;COMPRA A PRAZO;MERCADORIA PARA REVENDA;FORNECEDORES PRODUTOS PARA REVENDA;CAIXA CENTRAL;1;Não;64;01.01.02.01.03;18;02.01.01.01.01;220;25;4082.0;;;;63526;Marcelino;;;0
143;11;2,29E+13;401266 - SHOP - LP SHOPPING PATIO MACEIÓ - AL;Pagar;839922;4082;1;08/11/2021;26/02/2022;;560.0;4;0;4;;N;Crediário;0;1019330;BERNARDO BENNESH ARTEFATOS DE COURO LTDA;0;Não;0;1.0;COMPRA A PRAZO;MERCADORIA PARA REVENDA;FORNECEDORES PRODUTOS PARA REVENDA;CAIXA CENTRAL;1;Não;64;01.01.02.01.03;18;02.01.01.01.01;220;25;4082.0;;;;63526;Marcelino;;;0
144;12;2,29E+13;401267 - SHOP - LP PÁTIO ARAPIRACA GARDEN SHOP- AL;Pagar;839924;4083;1;08/11/2021;12/01/2022;;783.71;1;0;4;;N;Crediário;0;1019330;BERNARDO BENNESH ARTEFATOS DE COURO LTDA;0;Não;0;1.0;COMPRA A PRAZO;MERCADORIA PARA REVENDA;FORNECEDORES PRODUTOS PARA REVENDA;CAIXA CENTRAL;1;Não;64;01.01.02.01.03;18;02.01.01.01.01;220;25;4083.0;;;;63526;Marcelino;;;0
145;12;2,29E+13;401267 - SHOP - LP PÁTIO ARAPIRACA GARDEN SHOP- AL;Pagar;839925;4083;1;08/11/2021;27/01/2022;;782.0;2;0;4;;N;Crediário;0;1019330;BERNARDO BENNESH ARTEFATOS DE COURO LTDA;0;Não;0;1.0;COMPRA A PRAZO;MERCADORIA PARA REVENDA;FORNECEDORES PRODUTOS PARA REVENDA;CAIXA CENTRAL;1;Não;64;01.01.02.01.03;18;02.01.01.01.01;220;25;4083.0;;;;63526;Marcelino;;;0
146;12;2,29E+13;401267 - SHOP - LP PÁTIO ARAPIRACA GARDEN SHOP- AL;Pagar;839926;4083;1;08/11/2021;11/02/2022;;782.0;3;0;4;;N;Crediário;0;1019330;BERNARDO BENNESH ARTEFATOS DE COURO LTDA;0;Não;0;1.0;COMPRA A PRAZO;MERCADORIA PARA REVENDA;FORNECEDORES PRODUTOS PARA REVENDA;CAIXA CENTRAL;1;Não;64;01.01.02.01.03;18;02.01.01.01.01;220;25;4083.0;;;;63526;Marcelino;;;0
147;12;2,29E+13;401267 - SHOP - LP PÁTIO ARAPIRACA GARDEN SHOP- AL;Pagar;839927;4083;1;08/11/2021;26/02/2022;;782.0;4;0;4;;N;Crediário;0;1019330;BERNARDO BENNESH ARTEFATOS DE COURO LTDA;0;Não;0;1.0;COMPRA A PRAZO;MERCADORIA PARA REVENDA;FORNECEDORES PRODUTOS PARA REVENDA;CAIXA CENTRAL;1;Não;64;01.01.02.01.03;18;02.01.01.01.01;220;25;4083.0;;;;63526;Marcelino;;;0
148;10;2,29E+13;401262 - SHOP - LP MACEIÓ SHOPPING - AL;Pagar;840001;48803;1;11/11/2021;10/01/2022;;3963.24;1;0;5;;N;Crediário;0;1002235;SAMSONITE BRASIL LTDA.;0;Não;0;1.0;COMPRA A PRAZO;MERCADORIA PARA REVENDA;FORNECEDORES PRODUTOS PARA REVENDA;CAIXA CENTRAL;1;Não;64;01.01.02.01.03;18;02.01.01.01.01;220;25;48803.0;;;;63526;Marcelino;;;0
149;10;2,29E+13;401262 - SHOP - LP MACEIÓ SHOPPING - AL;Pagar;840002;48803;1;11/11/2021;25/01/2022;;3963.24;2;0;5;;N;Crediário;0;1002235;SAMSONITE BRASIL LTDA.;0;Não;0;1.0;COMPRA A PRAZO;MERCADORIA PARA REVENDA;FORNECEDORES PRODUTOS PARA REVENDA;CAIXA CENTRAL;1;Não;64;01.01.02.01.03;18;02.01.01.01.01;220;25;48803.0;;;;63526;Marcelino;;;0
150;10;2,29E+13;401262 - SHOP - LP MACEIÓ SHOPPING - AL;Pagar;840003;48803;1;11/11/2021;09/02/2022;;3963.24;3;0;5;;N;Crediário;0;1002235;SAMSONITE BRASIL LTDA.;0;Não;0;1.0;COMPRA A PRAZO;MERCADORIA PARA REVENDA;FORNECEDORES PRODUTOS PARA REVENDA;CAIXA CENTRAL;1;Não;64;01.01.02.01.03;18;02.01.01.01.01;220;25;48803.0;;;;63526;Marcelino;;;0
151;10;2,29E+13;401262 - SHOP - LP MACEIÓ SHOPPING - AL;Pagar;840004;48803;1;11/11/2021;24/02/2022;;3963.24;4;0;5;;N;Crediário;0;1002235;SAMSONITE BRASIL LTDA.;0;Não;0;1.0;COMPRA A PRAZO;MERCADORIA PARA REVENDA;FORNECEDORES PRODUTOS PARA REVENDA;CAIXA CENTRAL;1;Não;64;01.01.02.01.03;18;02.01.01.01.01;220;25;48803.0;;;;63526;Marcelino;;;0
152;10;2,29E+13;401262 - SHOP - LP MACEIÓ SHOPPING - AL;Pagar;840005;48803;1;11/11/2021;11/03/2022;;3963.25;5;0;5;;N;Crediário;0;1002235;SAMSONITE BRASIL LTDA.;0;Não;0;1.0;COMPRA A PRAZO;MERCADORIA PARA REVENDA;FORNECEDORES PRODUTOS PARA REVENDA;CAIXA CENTRAL;1;Não;64;01.01.02.01.03;18;02.01.01.01.01;220;25;48803.0;;;;63526;Marcelino;;;0
153;10;2,29E+13;401262 - SHOP - LP MACEIÓ SHOPPING - AL;Pagar;840010;97804;1;12/11/2021;11/01/2022;;6906.47;1;0;3;;N;Crediário;0;1001750;YINS BRASIL COMÉRCIO INTERNACIONAL LTDA;0;Não;0;1.0;COMPRA A PRAZO;MERCADORIA PARA REVENDA;FORNECEDORES PRODUTOS PARA REVENDA;CAIXA CENTRAL;1;Não;64;01.01.02.01.03;18;02.01.01.01.01;220;25;97804.0;;;;63526;Marcelino;;;0
154;10;2,29E+13;401262 - SHOP - LP MACEIÓ SHOPPING - AL;Pagar;840011;97804;1;12/11/2021;10/02/2022;;6906.47;2;0;3;;N;Crediário;0;1001750;YINS BRASIL COMÉRCIO INTERNACIONAL LTDA;0;Não;0;1.0;COMPRA A PRAZO;MERCADORIA PARA REVENDA;FORNECEDORES PRODUTOS PARA REVENDA;CAIXA CENTRAL;1;Não;64;01.01.02.01.03;18;02.01.01.01.01;220;25;97804.0;;;;63526;Marcelino;;;0
155;10;2,29E+13;401262 - SHOP - LP MACEIÓ SHOPPING - AL;Pagar;840012;97804;1;12/11/2021;14/03/2022;;6906.46;3;0;3;;N;Crediário;0;1001750;YINS BRASIL COMÉRCIO INTERNACIONAL LTDA;0;Não;0;1.0;COMPRA A PRAZO;MERCADORIA PARA REVENDA;FORNECEDORES PRODUTOS PARA REVENDA;CAIXA CENTRAL;1;Não;64;01.01.02.01.03;18;02.01.01.01.01;220;25;97804.0;;;;63526;Marcelino;;;0
156;10;2,29E+13;401262 - SHOP - LP MACEIÓ SHOPPING - AL;Pagar;840110;50479;1;10/11/2021;14/01/2021;;3188.1;1;0;3;;N;Crediário;0;1014149;LUK INDUSTRIA  E COMERCIO DE ARTEFATOS DE COUROS LTDA - ME;0;Não;0;1.0;COMPRA A PRAZO;MERCADORIA PARA REVENDA;FORNECEDORES PRODUTOS PARA REVENDA;CAIXA CENTRAL;1;Não;64;01.01.02.01.03;18;02.01.01.01.01;220;25;50479.0;;;;63526;Marcelino;;;0
157;10;2,29E+13;401262 - SHOP - LP MACEIÓ SHOPPING - AL;Pagar;840111;50479;1;10/11/2021;13/02/2022;;3188.1;2;0;3;;N;Crediário;0;1014149;LUK INDUSTRIA  E COMERCIO DE ARTEFATOS DE COUROS LTDA - ME;0;Não;0;1.0;COMPRA A PRAZO;MERCADORIA PARA REVENDA;FORNECEDORES PRODUTOS PARA REVENDA;CAIXA CENTRAL;1;Não;64;01.01.02.01.03;18;02.01.01.01.01;220;25;50479.0;;;;63526;Marcelino;;;0
158;10;2,29E+13;401262 - SHOP - LP MACEIÓ SHOPPING - AL;Pagar;840112;50479;1;10/11/2021;15/03/2022;;3188.1;3;0;3;;N;Crediário;0;1014149;LUK INDUSTRIA  E COMERCIO DE ARTEFATOS DE COUROS LTDA - ME;0;Não;0;1.0;COMPRA A PRAZO;MERCADORIA PARA REVENDA;FORNECEDORES PRODUTOS PARA REVENDA;CAIXA CENTRAL;1;Não;64;01.01.02.01.03;18;02.01.01.01.01;220;25;50479.0;;;;63526;Marcelino;;;0
159;10;2,29E+13;401262 - SHOP - LP MACEIÓ SHOPPING - AL;Pagar;840150;1782824;0;12/11/2021;02/01/2022;;1459.0;1;0;1;;N;Crediário;0;1001660;Antilhas Embalagens Editora;0;Não;0;;EMBALAGENS;EMBALAGENS;FORNECEDORES DIVERSOS;FLUXO DE CAIXA;1;Não;265;03.05.01.03;399;02.01.01.01.02;69;199;;;;;63568;Paula Melo;;;0
160;11;2,29E+13;401266 - SHOP - LP SHOPPING PATIO MACEIÓ - AL;Pagar;840151;1783010;0;12/11/2021;02/01/2022;;1222.36;1;0;1;;N;Crediário;0;1001660;Antilhas Embalagens Editora;0;Não;0;;EMBALAGENS;EMBALAGENS;FORNECEDORES DIVERSOS;FLUXO DE CAIXA;1;Não;265;03.05.01.03;399;02.01.01.01.02;69;199;;;;;63568;Paula Melo;;;0
161;10;2,29E+13;401262 - SHOP - LP MACEIÓ SHOPPING - AL;Pagar;840180;2659;1;16/11/2021;16/12/2021;;900.75;1;0;3;;N;Crediário;0;1006358;CRISTIANE MARIA SANTANA LAGO TAVARES - EPP;0;Não;0;1.0;COMPRA A PRAZO;MERCADORIA PARA REVENDA;FORNECEDORES PRODUTOS PARA REVENDA;CAIXA CENTRAL;1;Sim;64;01.01.02.01.03;18;02.01.01.01.01;220;25;2659.0;24/11/2021;63526.0;Marcelino;63526;Marcelino;;;0
162;10;2,29E+13;401262 - SHOP - LP MACEIÓ SHOPPING - AL;Pagar;840181;2659;1;16/11/2021;15/01/2022;;900.75;2;0;3;;N;Crediário;0;1006358;CRISTIANE MARIA SANTANA LAGO TAVARES - EPP;0;Não;0;1.0;COMPRA A PRAZO;MERCADORIA PARA REVENDA;FORNECEDORES PRODUTOS PARA REVENDA;CAIXA CENTRAL;1;Sim;64;01.01.02.01.03;18;02.01.01.01.01;220;25;2659.0;24/11/2021;63526.0;Marcelino;63526;Marcelino;;;0
163;10;2,29E+13;401262 - SHOP - LP MACEIÓ SHOPPING - AL;Pagar;840182;2659;1;16/11/2021;14/02/2022;;900.76;3;0;3;;N;Crediário;0;1006358;CRISTIANE MARIA SANTANA LAGO TAVARES - EPP;0;Não;0;1.0;COMPRA A PRAZO;MERCADORIA PARA REVENDA;FORNECEDORES PRODUTOS PARA REVENDA;CAIXA CENTRAL;1;Sim;64;01.01.02.01.03;18;02.01.01.01.01;220;25;2659.0;24/11/2021;63526.0;Marcelino;63526;Marcelino;;;0
164;10;2,29E+13;401262 - SHOP - LP MACEIÓ SHOPPING - AL;Pagar;840183;2659;1;16/11/2021;16/12/2021;;900.75;1;0;3;;N;Crediário;0;1006358;CRISTIANE MARIA SANTANA LAGO TAVARES - EPP;0;Não;0;1.0;COMPRA A PRAZO;MERCADORIA PARA REVENDA;FORNECEDORES PRODUTOS PARA REVENDA;CAIXA CENTRAL;1;Não;64;01.01.02.01.03;18;02.01.01.01.01;220;25;2659.0;;;;63526;Marcelino;;;0
165;10;2,29E+13;401262 - SHOP - LP MACEIÓ SHOPPING - AL;Pagar;840184;2659;1;16/11/2021;15/01/2022;;900.75;2;0;3;;N;Crediário;0;1006358;CRISTIANE MARIA SANTANA LAGO TAVARES - EPP;0;Não;0;1.0;COMPRA A PRAZO;MERCADORIA PARA REVENDA;FORNECEDORES PRODUTOS PARA REVENDA;CAIXA CENTRAL;1;Não;64;01.01.02.01.03;18;02.01.01.01.01;220;25;2659.0;;;;63526;Marcelino;;;0
166;10;2,29E+13;401262 - SHOP - LP MACEIÓ SHOPPING - AL;Pagar;840185;2659;1;16/11/2021;14/02/2022;;900.76;3;0;3;;N;Crediário;0;1006358;CRISTIANE MARIA SANTANA LAGO TAVARES - EPP;0;Não;0;1.0;COMPRA A PRAZO;MERCADORIA PARA REVENDA;FORNECEDORES PRODUTOS PARA REVENDA;CAIXA CENTRAL;1;Não;64;01.01.02.01.03;18;02.01.01.01.01;220;25;2659.0;;;;63526;Marcelino;;;0
167;11;2,29E+13;401266 - SHOP - LP SHOPPING PATIO MACEIÓ - AL;Pagar;840193;2653;1;15/11/2021;15/12/2021;;332.92;1;0;3;;N;Crediário;0;1006358;CRISTIANE MARIA SANTANA LAGO TAVARES - EPP;0;Não;0;1.0;COMPRA A PRAZO;MERCADORIA PARA REVENDA;FORNECEDORES PRODUTOS PARA REVENDA;CAIXA CENTRAL;1;Não;64;01.01.02.01.03;18;02.01.01.01.01;220;25;2653.0;;;;63526;Marcelino;;;0
168;11;2,29E+13;401266 - SHOP - LP SHOPPING PATIO MACEIÓ - AL;Pagar;840194;2653;1;15/11/2021;14/01/2022;;332.92;2;0;3;;N;Crediário;0;1006358;CRISTIANE MARIA SANTANA LAGO TAVARES - EPP;0;Não;0;1.0;COMPRA A PRAZO;MERCADORIA PARA REVENDA;FORNECEDORES PRODUTOS PARA REVENDA;CAIXA CENTRAL;1;Não;64;01.01.02.01.03;18;02.01.01.01.01;220;25;2653.0;;;;63526;Marcelino;;;0
169;11;2,29E+13;401266 - SHOP - LP SHOPPING PATIO MACEIÓ - AL;Pagar;840195;2653;1;15/11/2021;13/02/2022;;332.91;3;0;3;;N;Crediário;0;1006358;CRISTIANE MARIA SANTANA LAGO TAVARES - EPP;0;Não;0;1.0;COMPRA A PRAZO;MERCADORIA PARA REVENDA;FORNECEDORES PRODUTOS PARA REVENDA;CAIXA CENTRAL;1;Não;64;01.01.02.01.03;18;02.01.01.01.01;220;25;2653.0;;;;63526;Marcelino;;;0
170;11;2,29E+13;401266 - SHOP - LP SHOPPING PATIO MACEIÓ - AL;Pagar;840199;97868;1;16/11/2021;17/01/2022;;6590.37;1;0;3;;N;Crediário;0;1001750;YINS BRASIL COMÉRCIO INTERNACIONAL LTDA;0;Não;0;1.0;COMPRA A PRAZO;MERCADORIA PARA REVENDA;FORNECEDORES PRODUTOS PARA REVENDA;CAIXA CENTRAL;1;Não;64;01.01.02.01.03;18;02.01.01.01.01;220;25;97868.0;;;;63526;Marcelino;;;0
171;11;2,29E+13;401266 - SHOP - LP SHOPPING PATIO MACEIÓ - AL;Pagar;840200;97868;1;16/11/2021;14/02/2022;;6590.37;2;0;3;;N;Crediário;0;1001750;YINS BRASIL COMÉRCIO INTERNACIONAL LTDA;0;Não;0;1.0;COMPRA A PRAZO;MERCADORIA PARA REVENDA;FORNECEDORES PRODUTOS PARA REVENDA;CAIXA CENTRAL;1;Não;64;01.01.02.01.03;18;02.01.01.01.01;220;25;97868.0;;;;63526;Marcelino;;;0
172;11;2,29E+13;401266 - SHOP - LP SHOPPING PATIO MACEIÓ - AL;Pagar;840201;97868;1;16/11/2021;16/03/2022;;6590.36;3;0;3;;N;Crediário;0;1001750;YINS BRASIL COMÉRCIO INTERNACIONAL LTDA;0;Não;0;1.0;COMPRA A PRAZO;MERCADORIA PARA REVENDA;FORNECEDORES PRODUTOS PARA REVENDA;CAIXA CENTRAL;1;Não;64;01.01.02.01.03;18;02.01.01.01.01;220;25;97868.0;;;;63526;Marcelino;;;0
173;11;2,29E+13;401266 - SHOP - LP SHOPPING PATIO MACEIÓ - AL;Pagar;840203;50513;1;11/11/2021;15/01/2022;;746.13;1;0;3;;N;Crediário;0;1014149;LUK INDUSTRIA  E COMERCIO DE ARTEFATOS DE COUROS LTDA - ME;0;Não;0;1.0;COMPRA A PRAZO;MERCADORIA PARA REVENDA;FORNECEDORES PRODUTOS PARA REVENDA;CAIXA CENTRAL;1;Sim;64;01.01.02.01.03;18;02.01.01.01.01;220;25;50513.0;24/11/2021;63526.0;Marcelino;63526;Marcelino;;;0
174;11;2,29E+13;401266 - SHOP - LP SHOPPING PATIO MACEIÓ - AL;Pagar;840204;50513;1;11/11/2021;14/02/2022;;746.13;2;0;3;;N;Crediário;0;1014149;LUK INDUSTRIA  E COMERCIO DE ARTEFATOS DE COUROS LTDA - ME;0;Não;0;1.0;COMPRA A PRAZO;MERCADORIA PARA REVENDA;FORNECEDORES PRODUTOS PARA REVENDA;CAIXA CENTRAL;1;Sim;64;01.01.02.01.03;18;02.01.01.01.01;220;25;50513.0;24/11/2021;63526.0;Marcelino;63526;Marcelino;;;0
175;11;2,29E+13;401266 - SHOP - LP SHOPPING PATIO MACEIÓ - AL;Pagar;840205;50513;1;11/11/2021;16/03/2022;;746.14;3;0;3;;N;Crediário;0;1014149;LUK INDUSTRIA  E COMERCIO DE ARTEFATOS DE COUROS LTDA - ME;0;Não;0;1.0;COMPRA A PRAZO;MERCADORIA PARA REVENDA;FORNECEDORES PRODUTOS PARA REVENDA;CAIXA CENTRAL;1;Sim;64;01.01.02.01.03;18;02.01.01.01.01;220;25;50513.0;24/11/2021;63526.0;Marcelino;63526;Marcelino;;;0
176;11;2,29E+13;401266 - SHOP - LP SHOPPING PATIO MACEIÓ - AL;Pagar;840206;50513;1;11/11/2021;15/01/2022;;746.13;1;0;3;;N;Crediário;0;1014149;LUK INDUSTRIA  E COMERCIO DE ARTEFATOS DE COUROS LTDA - ME;0;Não;0;1.0;COMPRA A PRAZO;MERCADORIA PARA REVENDA;FORNECEDORES PRODUTOS PARA REVENDA;CAIXA CENTRAL;1;Não;64;01.01.02.01.03;18;02.01.01.01.01;220;25;50513.0;;;;63526;Marcelino;;;0
177;11;2,29E+13;401266 - SHOP - LP SHOPPING PATIO MACEIÓ - AL;Pagar;840207;50513;1;11/11/2021;14/02/2022;;746.13;2;0;3;;N;Crediário;0;1014149;LUK INDUSTRIA  E COMERCIO DE ARTEFATOS DE COUROS LTDA - ME;0;Não;0;1.0;COMPRA A PRAZO;MERCADORIA PARA REVENDA;FORNECEDORES PRODUTOS PARA REVENDA;CAIXA CENTRAL;1;Não;64;01.01.02.01.03;18;02.01.01.01.01;220;25;50513.0;;;;63526;Marcelino;;;0
178;11;2,29E+13;401266 - SHOP - LP SHOPPING PATIO MACEIÓ - AL;Pagar;840208;50513;1;11/11/2021;16/03/2022;;746.14;3;0;3;;N;Crediário;0;1014149;LUK INDUSTRIA  E COMERCIO DE ARTEFATOS DE COUROS LTDA - ME;0;Não;0;1.0;COMPRA A PRAZO;MERCADORIA PARA REVENDA;FORNECEDORES PRODUTOS PARA REVENDA;CAIXA CENTRAL;1;Não;64;01.01.02.01.03;18;02.01.01.01.01;220;25;50513.0;;;;63526;Marcelino;;;0
179;10;2,29E+13;401262 - SHOP - LP MACEIÓ SHOPPING - AL;Pagar;840425;0;0;01/11/2021;20/11/2021;25/11/2021;59.71;1;0;1;;N;Crediário;0,78;1007305;DARF;0;Não;0;;IMPOSTO DE RENDA P.FÍSICA;FORNECEDORES DIVERSOS;IRPF A RECOLHER;FLUXO DE CAIXA;1;Não;176;02.01.01.01.02;69;02.01.01.05.13;398;199;;;;;63568;Paula Melo;63568.0;Paula Melo;60,49
180;12;2,29E+13;401267 - SHOP - LP PÁTIO ARAPIRACA GARDEN SHOP- AL;Pagar;840427;0;0;25/11/2021;25/11/2021;25/11/2021;6157.39;1;0;1;FGTS RESCISORIO;N;Crediário;0;1010264;TUANNY HENRIQUE LUCENA;0;Não;0;;FGTS A RECOLHER;FGTS;FGTS A RECOLHER;FLUXO DE CAIXA;1;Não;14;03.05.02.01.13;114;02.01.01.03.03;79;199;;;;;63568;Paula Melo;63568.0;Paula Melo;6157,39
